Date,Location,MinTemp,MaxTemp,Rainfall,Evaporation,Sunshine,WindGustDir,WindGustSpeed,WindDir9am,WindDir3pm,WindSpeed9am,WindSpeed3pm,Humidity9am,Humidity3pm,Pressure9am,Pressure3pm,Cloud9am,Cloud3pm,Temp9am,Temp3pm,RainToday,RainTomorrow,RainfallTomorrow
2010-06-18,Sydney,9.8,18.0,0.6,3.0,9.6,,,W,W,15.0,9.0,58.0,39.0,1017.1,1015.5,,,12.1,17.8,No,,
2010-10-09,Sydney,15.8,18.9,0.0,5.2,0.0,ESE,31.0,ESE,ENE,20.0,11.0,59.0,55.0,1026.4,1025.3,,,17.0,18.3,No,,
2010-11-12,Sydney,19.1,26.8,0.0,9.0,12.6,NE,48.0,WNW,NE,6.0,24.0,67.0,57.0,1013.8,1011.9,1.0,3.0,24.3,25.6,No,,
2014-09-16,Sydney,15.2,21.7,0.0,4.8,5.1,,,NE,ENE,28.0,4.0,76.0,66.0,1009.9,1005.5,6.0,3.0,18.6,20.6,No,,
2014-10-31,Sydney,16.3,30.2,0.0,9.2,11.7,NNE,41.0,WNW,ENE,13.0,13.0,55.0,43.0,1013.4,1008.2,1.0,6.0,22.4,26.3,No,,
2014-11-27,Sydney,18.9,20.9,0.4,7.6,0.0,ESE,43.0,SSE,SE,26.0,20.0,71.0,61.0,1022.0,1022.4,6.0,7.0,19.8,20.3,No,,
2014-11-28,Sydney,,23.3,,3.4,11.9,ENE,37.0,E,E,13.0,19.0,,46.0,,1021.3,3.0,2.0,,22.3,,,
2015-11-11,SydneyAirport,19.1,24.4,0.0,8.6,0.0,S,46.0,SSW,E,20.0,9.0,83.0,60.0,1020.3,1020.3,7.0,7.0,20.0,22.9,No,,
2017-03-14,SydneyAirport,22.8,27.1,0.4,7.6,0.5,ENE,46.0,E,ENE,20.0,20.0,75.0,87.0,1019.4,1020.1,7.0,8.0,24.1,22.8,No,,
2017-03-18,SydneyAirport,18.9,25.2,25.6,2.8,3.6,S,76.0,SE,SE,35.0,28.0,90.0,87.0,1023.2,1022.5,8.0,7.0,22.4,23.1,Yes,,
2017-03-22,SydneyAirport,21.9,31.9,29.8,6.0,4.4,SW,57.0,NW,SE,7.0,20.0,84.0,61.0,1012.4,1010.6,7.0,6.0,25.4,30.9,Yes,,
2010-12-31,Canberra,12.4,33.9,0.0,8.0,11.6,NW,33.0,N,NW,2.0,13.0,81.0,25.0,1016.1,1013.5,1.0,1.0,20.1,32.8,No,,
2011-03-07,Canberra,5.5,25.0,0.0,4.0,10.3,N,28.0,NNE,NW,4.0,11.0,79.0,36.0,1025.4,1020.1,1.0,1.0,12.4,23.9,No,,
2011-06-03,Canberra,2.5,16.5,0.0,2.2,6.6,WNW,41.0,,WNW,0.0,24.0,99.0,40.0,1021.4,1016.9,8.0,3.0,5.8,15.8,No,,
2011-06-04,Canberra,4.4,13.2,,2.2,0.6,,,NNW,WNW,26.0,22.0,77.0,58.0,,,8.0,,10.6,11.9,,,
2011-07-13,Canberra,3.0,11.0,0.0,2.4,2.1,WNW,46.0,NW,NW,9.0,31.0,65.0,75.0,1020.3,1018.8,6.0,7.0,6.8,7.2,No,,
2011-09-05,Canberra,7.5,20.0,1.2,2.8,5.2,,,,NW,0.0,30.0,83.0,40.0,1027.6,1024.0,6.0,3.0,12.7,18.0,Yes,,
2011-09-07,Canberra,-0.5,14.3,7.0,1.8,9.4,NW,28.0,NW,WNW,9.0,11.0,81.0,38.0,1021.0,1018.6,6.0,1.0,6.6,14.0,Yes,,
2011-09-15,Canberra,1.6,17.7,0.0,5.4,11.0,,,NW,WNW,7.0,30.0,59.0,29.0,1022.2,1018.5,1.0,,11.8,17.0,No,,
2011-12-20,Canberra,12.6,24.9,1.6,,,N,28.0,E,N,7.0,15.0,74.0,50.0,1012.5,1012.0,6.0,8.0,18.8,22.7,Yes,,
2012-06-07,Canberra,-3.5,12.1,0.0,1.6,8.0,SE,17.0,,NW,0.0,7.0,,49.0,1025.3,1022.5,0.0,,1.3,11.8,No,,
2014-02-20,Canberra,10.1,21.5,33.2,,,,,NW,WNW,24.0,30.0,62.0,34.0,1006.3,1008.9,,,13.5,20.0,Yes,,
2014-05-10,Canberra,4.0,14.4,0.0,,,,,,NW,0.0,13.0,89.0,78.0,1023.9,1020.8,8.0,8.0,8.5,13.0,No,,
2015-03-01,Canberra,12.6,31.2,0.0,,,,,SSW,WNW,6.0,26.0,61.0,42.0,1006.7,1006.9,1.0,,21.9,26.9,No,,
2015-03-02,Canberra,,26.4,,,,,,,NW,,9.0,,34.0,,1015.0,,,,24.9,,,
2015-08-11,Canberra,3.1,13.6,0.0,,,NW,44.0,NNW,NW,20.0,24.0,74.0,42.0,1014.7,1012.0,,,8.8,12.4,No,,
2015-10-25,Canberra,4.7,26.5,0.0,,,,,SE,NNW,2.0,26.0,65.0,35.0,1021.9,1017.4,,,15.7,25.7,No,,
2017-03-08,Canberra,8.9,21.5,0.0,,,,,SSE,E,15.0,20.0,66.0,55.0,1019.7,1018.1,,,15.0,19.7,No,,
2017-03-31,Canberra,7.2,20.2,7.6,,,,,S,S,19.0,9.0,63.0,40.0,1018.0,1015.3,,1.0,10.6,18.7,Yes,,
2011-02-04,Melbourne,18.2,30.4,2.4,4.0,1.6,N,54.0,N,N,31.0,24.0,85.0,83.0,1010.1,1007.3,7.0,7.0,24.0,26.2,Yes,,
2011-02-05,Melbourne,18.1,20.3,,7.6,0.0,WSW,54.0,SW,SSW,11.0,11.0,96.0,77.0,1006.1,1006.9,,,18.4,19.0,,,
2011-02-11,Melbourne,20.9,25.8,1.8,6.0,0.2,N,46.0,NNW,SSW,15.0,20.0,83.0,87.0,1010.2,1010.0,7.0,8.0,23.2,21.0,Yes,,
2011-02-12,Melbourne,15.4,21.1,,10.4,8.8,SSE,41.0,SSE,S,28.0,24.0,58.0,41.0,1020.5,1019.6,,,15.6,20.1,,,
2011-02-18,Melbourne,19.3,29.4,0.0,3.8,3.3,SSW,24.0,W,SE,7.0,7.0,73.0,48.0,1014.6,1010.5,8.0,7.0,21.3,28.6,No,,
2011-02-19,Melbourne,19.8,28.7,,4.2,10.5,W,63.0,NNW,W,24.0,44.0,70.0,42.0,999.0,1002.9,,,25.3,27.9,,,
2011-02-23,Melbourne,15.5,23.8,0.0,3.6,9.2,SSE,30.0,SE,S,11.0,19.0,65.0,56.0,1026.5,1023.2,7.0,1.0,16.7,21.0,No,,
2011-02-24,Melbourne,13.7,25.0,,4.2,10.4,S,31.0,N,S,9.0,17.0,74.0,50.0,1019.9,1017.0,5.0,6.0,15.8,21.9,,,
2011-06-03,Melbourne,12.2,17.0,0.0,2.2,2.2,N,67.0,N,N,39.0,22.0,63.0,56.0,1016.4,1013.4,7.0,7.0,13.8,16.7,No,,
2011-06-04,Melbourne,11.7,16.9,,2.0,7.1,W,44.0,WNW,WSW,17.0,15.0,70.0,47.0,1014.7,1014.9,,,11.8,15.6,,,
2011-06-08,Melbourne,4.9,12.0,6.6,1.2,4.7,SW,57.0,WSW,SW,31.0,39.0,77.0,73.0,1019.2,1018.9,6.0,6.0,6.8,10.9,Yes,,
2011-06-10,Melbourne,9.8,16.2,2.6,0.4,5.9,SSE,35.0,SSW,S,17.0,22.0,77.0,65.0,1023.6,1024.3,6.0,,11.9,13.7,Yes,,
2011-06-11,Melbourne,10.1,16.3,,1.0,7.3,SSE,33.0,WSW,SSE,9.0,26.0,75.0,62.0,1030.0,1029.2,,,11.2,14.8,,,
2011-06-12,Melbourne,6.7,15.3,,1.4,4.0,S,31.0,SW,S,7.0,24.0,97.0,66.0,1031.3,1028.8,,,7.8,14.3,,,
2011-06-17,Melbourne,6.3,14.4,4.4,1.2,4.8,SW,63.0,WSW,SW,30.0,31.0,80.0,54.0,1008.5,1010.3,6.0,7.0,10.7,13.2,Yes,,
2011-06-18,Melbourne,9.4,16.8,,1.6,5.0,WSW,50.0,W,WSW,17.0,20.0,83.0,61.0,1013.5,1013.4,,,12.1,16.1,,,
2011-07-08,Melbourne,6.6,12.5,0.0,1.4,0.3,W,43.0,NNW,NW,15.0,22.0,62.0,55.0,1023.7,1021.1,7.0,7.0,9.6,12.2,No,,
2011-07-09,Melbourne,8.4,14.8,,1.4,8.6,W,48.0,NW,W,15.0,28.0,67.0,45.0,1020.2,1017.8,,,9.1,14.2,,,
2011-07-10,Melbourne,7.6,13.4,,2.4,1.2,WNW,63.0,NW,W,26.0,39.0,55.0,90.0,1011.0,1010.0,,,10.9,11.4,,,
2011-07-22,Melbourne,8.9,17.5,0.8,0.2,8.8,WNW,20.0,W,WSW,13.0,9.0,80.0,56.0,1025.2,1022.9,1.0,2.0,9.6,15.2,No,,
2011-07-23,Melbourne,5.5,13.0,,1.4,3.0,N,24.0,N,S,17.0,9.0,90.0,64.0,1024.4,1021.1,,,6.7,12.4,,,
2011-07-26,Melbourne,7.9,14.1,5.2,0.8,3.2,WSW,31.0,W,SW,19.0,20.0,84.0,58.0,1023.0,1023.5,7.0,7.0,9.3,13.7,Yes,,
2011-08-05,Melbourne,13.3,18.4,0.0,2.4,1.5,NNE,46.0,WNW,WNW,13.0,13.0,43.0,43.0,1018.2,1017.5,7.0,7.0,15.1,16.0,No,,
2011-08-06,Melbourne,10.4,15.1,,1.6,2.7,W,37.0,N,S,13.0,13.0,79.0,69.0,1017.2,1014.1,,,11.5,13.7,,,
2011-08-12,Melbourne,3.5,13.3,0.0,2.8,5.9,N,24.0,NNW,E,6.0,9.0,95.0,55.0,1021.5,1020.5,8.0,5.0,5.6,12.6,No,,
2011-08-13,Melbourne,4.5,13.8,,0.6,0.2,N,26.0,N,WNW,11.0,9.0,81.0,65.0,1024.2,1022.6,,,7.0,13.3,,,
2011-08-26,Melbourne,8.0,16.5,0.0,3.8,6.9,S,28.0,NW,ENE,7.0,7.0,55.0,42.0,1025.8,1023.3,7.0,,11.1,15.2,No,,
2011-08-27,Melbourne,8.9,19.1,,3.0,7.3,WNW,39.0,N,WNW,19.0,17.0,57.0,38.0,1022.4,1019.4,,,11.5,17.8,,,
2011-09-30,Melbourne,9.5,17.6,3.8,2.4,5.0,WNW,41.0,WSW,WSW,30.0,19.0,62.0,55.0,1004.0,1001.4,6.0,7.0,12.8,14.8,Yes,,
2011-10-01,Melbourne,9.0,14.0,,2.8,0.0,SSE,46.0,S,SSE,20.0,28.0,83.0,74.0,1008.4,1011.8,,,10.5,13.5,,,
2011-10-07,Melbourne,13.1,20.5,0.0,2.2,2.1,NW,33.0,NNE,NNW,7.0,11.0,75.0,60.0,1013.5,1010.8,7.0,,15.5,20.1,No,,
2011-10-08,Melbourne,12.7,19.9,,2.8,3.2,S,31.0,NNW,SSE,7.0,17.0,83.0,71.0,1013.0,1011.3,,,14.1,17.1,,,
2011-10-14,Melbourne,10.4,26.3,0.0,4.0,11.1,N,54.0,N,N,26.0,26.0,68.0,34.0,1015.0,1010.1,3.0,6.0,15.8,25.0,No,,
2011-10-15,Melbourne,15.6,24.0,,5.4,9.2,WSW,59.0,SW,SW,13.0,35.0,60.0,59.0,1007.8,1007.1,,,18.3,18.6,,,
2011-10-21,Melbourne,14.8,16.0,4.4,6.8,0.0,SSE,26.0,WSW,SSW,9.0,11.0,91.0,86.0,1024.6,1023.8,8.0,7.0,15.4,15.3,Yes,,
2011-10-22,Melbourne,13.2,18.1,,0.2,1.4,SW,31.0,ESE,S,9.0,13.0,86.0,80.0,1024.0,1022.0,,,13.4,16.9,,,
2011-10-28,Melbourne,16.8,26.4,0.0,8.8,6.2,N,80.0,N,N,63.0,30.0,53.0,46.0,1010.5,1006.0,7.0,8.0,21.0,25.3,No,,
2011-10-29,Melbourne,15.4,22.9,,3.8,9.0,WSW,50.0,SSW,WSW,11.0,31.0,84.0,42.0,1010.0,1010.1,,,15.8,21.6,,,
2011-10-31,Melbourne,10.9,17.0,22.4,4.0,1.5,SW,37.0,SSW,S,17.0,19.0,76.0,55.0,1025.8,1025.0,7.0,7.0,12.4,15.5,Yes,,
2011-11-04,Melbourne,12.6,20.5,1.2,2.6,5.7,SW,24.0,SSW,WSW,13.0,7.0,68.0,54.0,1020.7,1018.6,7.0,1.0,14.4,18.8,Yes,,
2011-11-05,Melbourne,10.1,30.6,,3.2,12.5,N,39.0,N,NNE,28.0,24.0,60.0,26.0,1015.2,1011.0,,,17.8,29.1,,,
2011-11-11,Melbourne,11.8,24.2,0.0,5.4,10.3,NW,31.0,NNE,N,6.0,13.0,57.0,40.0,1024.2,1020.0,1.0,7.0,16.1,21.4,No,,
2011-11-12,Melbourne,14.9,24.4,,5.0,12.5,S,35.0,SSE,ESE,6.0,13.0,56.0,42.0,1019.6,1017.2,,,18.3,24.0,,,
2011-11-18,Melbourne,15.2,35.0,0.0,8.0,8.9,SW,93.0,N,NNW,39.0,41.0,47.0,26.0,1011.3,1008.2,6.0,7.0,25.7,33.6,No,,
2011-11-19,Melbourne,18.7,22.2,,10.8,0.0,SW,56.0,NE,SSW,13.0,30.0,92.0,86.0,1011.1,1010.8,,,19.0,18.4,,,
2011-11-22,Melbourne,12.9,20.2,0.0,4.8,5.9,S,52.0,W,S,15.0,20.0,57.0,53.0,1012.2,1011.0,7.0,6.0,16.9,19.5,No,,
2011-11-25,Melbourne,14.6,24.8,0.0,6.2,4.0,NNE,28.0,E,N,9.0,11.0,63.0,57.0,1019.5,1015.9,3.0,7.0,19.2,22.7,No,,
2011-11-26,Melbourne,16.9,19.1,,5.2,0.1,W,50.0,WSW,W,20.0,28.0,94.0,81.0,1005.1,1002.4,,,17.6,18.0,,,
2011-12-09,Melbourne,19.3,31.7,0.0,12.6,8.7,NNE,63.0,N,NNW,41.0,20.0,45.0,26.0,1010.6,1007.9,6.0,7.0,24.4,30.6,No,,
2011-12-10,Melbourne,19.0,29.0,,11.0,5.6,N,59.0,N,N,39.0,22.0,50.0,38.0,1006.5,1003.4,,,24.2,27.2,,,
2011-12-23,Melbourne,17.7,30.9,0.0,6.0,9.8,N,41.0,N,S,22.0,9.0,62.0,41.0,1012.7,1009.8,7.0,4.0,22.4,30.6,No,,
2011-12-24,Melbourne,18.2,27.1,,7.0,8.8,S,31.0,E,S,9.0,22.0,78.0,66.0,1011.6,1009.6,,,20.2,24.4,,,
2011-12-25,Melbourne,18.5,29.6,,5.6,5.3,SSW,100.0,ENE,NNE,19.0,30.0,74.0,43.0,1006.7,1002.3,,,21.7,28.8,,,
2011-12-26,Melbourne,17.5,20.7,,12.8,4.1,S,44.0,S,S,24.0,22.0,76.0,69.0,1007.5,1009.3,,,18.3,17.7,,,
2012-01-07,Melbourne,14.8,29.9,0.0,9.0,5.9,N,69.0,N,NNE,54.0,30.0,41.0,21.0,1008.8,1005.1,,,22.2,29.9,No,,
2012-01-13,Melbourne,13.3,20.9,0.6,4.8,5.1,S,50.0,SW,S,20.0,30.0,69.0,47.0,1019.5,1019.1,8.0,7.0,15.4,19.4,No,,
2012-01-14,Melbourne,13.8,19.9,,5.6,3.3,S,46.0,SSW,SSE,17.0,26.0,62.0,53.0,1020.4,1019.7,,,15.4,19.1,,,
2012-01-26,Melbourne,16.1,24.5,0.0,4.4,12.4,S,50.0,S,S,13.0,31.0,67.0,55.0,1018.5,1016.9,,,18.9,23.7,No,,
2012-01-27,Melbourne,16.6,30.7,,8.0,13.0,SSE,39.0,WSW,SSE,9.0,19.0,69.0,55.0,1016.9,1013.5,,,20.5,26.3,,,
2012-01-28,Melbourne,20.0,30.4,,8.2,12.1,SSE,37.0,SW,S,13.0,26.0,64.0,55.0,1012.7,1009.2,,,24.1,27.4,,,
2012-02-03,Melbourne,15.3,27.1,0.0,6.2,12.3,SSE,33.0,WSW,SSE,13.0,20.0,71.0,41.0,1008.4,1005.5,7.0,3.0,18.5,26.1,No,,
2012-02-04,Melbourne,16.3,32.9,,7.4,9.6,N,44.0,NNE,NNW,20.0,24.0,65.0,23.0,1003.8,999.8,,,20.7,31.7,,,
2012-02-10,Melbourne,15.5,26.9,0.0,6.2,7.0,S,52.0,SW,S,11.0,30.0,71.0,52.0,1011.4,1010.0,5.0,6.0,20.5,24.5,No,,
2012-02-11,Melbourne,15.6,21.9,,8.6,5.6,S,41.0,S,S,15.0,24.0,75.0,71.0,1013.7,1013.4,,,18.5,19.6,,,
2012-02-17,Melbourne,18.4,23.9,9.4,4.8,2.5,S,30.0,S,S,17.0,17.0,83.0,61.0,1017.3,1016.0,8.0,6.0,19.0,22.5,Yes,,
2012-02-18,Melbourne,16.4,26.2,,3.2,8.0,SSE,30.0,SW,S,7.0,11.0,85.0,57.0,1018.0,1015.1,,,16.9,25.1,,,
2012-02-24,Melbourne,15.0,37.1,0.0,6.6,12.3,N,39.0,NE,WNW,7.0,15.0,69.0,17.0,1020.6,1017.4,1.0,1.0,19.1,35.8,No,,
2012-02-25,Melbourne,18.8,37.1,,14.2,12.7,N,61.0,N,N,44.0,28.0,33.0,19.0,1017.6,1015.0,,,27.9,35.3,,,
2012-03-02,Melbourne,14.9,23.7,0.6,3.2,7.8,SE,50.0,SE,SE,30.0,26.0,64.0,45.0,1014.5,1013.3,3.0,6.0,17.1,22.1,No,,
2012-03-03,Melbourne,16.1,18.9,,6.2,0.0,E,35.0,SE,E,15.0,13.0,74.0,93.0,1014.4,1010.7,,,16.1,16.4,,,
2012-03-16,Melbourne,18.0,23.4,11.2,3.0,2.4,N,59.0,WSW,WNW,2.0,15.0,75.0,54.0,1008.3,1009.5,7.0,7.0,19.7,22.3,Yes,,
2012-03-17,Melbourne,12.6,22.2,,2.4,10.0,SSE,35.0,W,S,11.0,20.0,73.0,45.0,1019.1,1019.6,,,14.6,21.3,,,
2012-03-23,Melbourne,12.8,18.0,0.0,5.4,6.4,WSW,70.0,W,W,20.0,48.0,61.0,27.0,1005.6,1006.3,7.0,7.0,13.0,17.2,No,,
2012-03-24,Melbourne,12.2,18.2,,4.6,2.4,W,39.0,W,SSW,19.0,17.0,76.0,54.0,1014.1,1016.8,,,13.6,17.2,,,
2012-04-06,Melbourne,16.0,28.5,0.0,4.8,8.0,N,74.0,N,N,33.0,44.0,60.0,44.0,1014.2,1009.0,,,22.6,27.7,No,,
2012-04-07,Melbourne,11.5,19.2,,8.2,8.9,WSW,50.0,WSW,W,26.0,17.0,59.0,48.0,1022.1,1020.7,,,14.4,17.7,,,
2012-04-08,Melbourne,10.2,19.8,,3.2,3.7,WNW,44.0,NNW,WNW,11.0,15.0,65.0,32.0,1018.9,1015.2,,,13.3,19.3,,,
2012-04-20,Melbourne,14.6,22.6,5.4,2.8,6.0,SSE,26.0,W,SSE,7.0,11.0,94.0,66.0,1017.5,1015.6,7.0,,15.9,21.4,Yes,,
2012-04-21,Melbourne,13.4,23.8,,2.6,5.6,E,26.0,NNE,E,6.0,13.0,94.0,58.0,1016.3,1011.8,,,13.9,23.4,,,
2012-04-24,Melbourne,7.9,15.1,4.4,3.4,0.5,WSW,52.0,NNW,WSW,13.0,24.0,92.0,79.0,1012.8,1013.2,8.0,7.0,9.4,12.0,Yes,,
2012-04-27,Melbourne,10.3,20.0,0.4,1.0,6.8,SSW,28.0,W,S,15.0,13.0,80.0,54.0,1023.6,1022.0,3.0,5.0,14.2,18.5,No,,
2012-04-28,Melbourne,9.3,21.6,,2.4,9.3,W,48.0,NNW,WSW,17.0,35.0,71.0,43.0,1021.5,1017.8,,,13.6,20.6,,,
2012-05-04,Melbourne,10.8,17.1,3.0,1.4,5.5,W,48.0,W,WSW,22.0,19.0,68.0,51.0,1021.0,1019.7,3.0,7.0,13.0,15.6,Yes,,
2012-05-05,Melbourne,9.7,14.1,,2.4,2.1,WSW,30.0,W,SSW,15.0,13.0,74.0,83.0,1021.3,1019.0,,,11.0,13.6,,,
2012-05-11,Melbourne,12.0,18.5,1.0,3.2,6.0,SW,46.0,WNW,SW,17.0,24.0,67.0,51.0,1018.3,1017.3,5.0,6.0,13.6,16.3,No,,
2012-05-12,Melbourne,8.8,16.8,,2.2,8.7,W,54.0,W,WSW,24.0,35.0,66.0,45.0,1020.1,1017.2,,,10.9,14.9,,,
2012-05-18,Melbourne,10.3,17.0,0.0,3.6,2.7,N,59.0,N,N,37.0,31.0,60.0,49.0,1022.5,1019.6,7.0,6.0,12.6,16.6,No,,
2012-05-19,Melbourne,11.2,15.9,,2.6,0.3,NNW,35.0,NW,S,11.0,11.0,91.0,58.0,1024.1,1024.1,,,11.4,15.1,,,
2012-05-25,Melbourne,9.3,11.0,4.2,1.4,0.0,WSW,72.0,NW,WSW,20.0,52.0,86.0,87.0,1007.4,1004.9,8.0,8.0,9.3,10.7,Yes,,
2012-05-26,Melbourne,8.5,16.1,,2.4,3.2,S,43.0,WNW,WSW,19.0,20.0,83.0,87.0,1013.7,1014.4,,,10.9,13.3,,,
2012-06-01,Melbourne,6.2,17.7,0.0,2.2,6.6,N,30.0,NNW,SSE,11.0,11.0,87.0,48.0,1030.1,1026.8,6.0,4.0,7.3,16.4,No,,
2012-06-02,Melbourne,4.8,16.3,,2.0,5.8,SSE,39.0,N,SSE,13.0,9.0,86.0,54.0,1024.5,1021.0,,,6.6,15.6,,,
2012-06-08,Melbourne,10.7,15.0,0.0,1.2,0.7,SW,31.0,SW,SW,20.0,20.0,66.0,82.0,1028.1,1027.0,7.0,7.0,11.4,12.2,No,,
2012-06-09,Melbourne,10.0,12.8,,0.8,0.6,SW,30.0,WSW,SSE,17.0,15.0,96.0,95.0,1028.1,1026.7,,,10.3,11.5,,,
2012-06-10,Melbourne,8.8,13.1,,0.2,1.6,SSE,20.0,SW,S,7.0,17.0,88.0,79.0,1028.0,1026.1,,,9.8,12.4,,,
2012-06-15,Melbourne,11.3,16.6,0.4,1.6,6.6,N,44.0,N,NW,19.0,19.0,68.0,45.0,1012.0,1010.6,7.0,5.0,12.0,15.7,No,,
2012-06-16,Melbourne,8.7,14.8,,3.2,4.4,N,48.0,N,NNW,35.0,19.0,67.0,57.0,1014.5,1012.1,,,10.1,14.4,,,
2012-06-22,Melbourne,8.4,12.5,22.4,0.4,1.0,S,48.0,WSW,S,15.0,13.0,84.0,86.0,1004.8,1010.4,8.0,6.0,10.2,9.5,Yes,,
2012-06-23,Melbourne,5.9,14.2,,1.4,5.6,WNW,50.0,N,NNW,22.0,19.0,74.0,57.0,1022.0,1021.7,,,7.1,13.0,,,
2012-06-30,Melbourne,7.8,12.6,0.0,1.8,6.6,N,52.0,N,NW,26.0,22.0,75.0,53.0,1008.4,1008.4,,,8.5,12.3,No,,
2012-07-08,Melbourne,3.2,15.3,0.0,1.8,3.6,N,48.0,NNE,NNE,17.0,30.0,72.0,39.0,1029.8,1026.3,,,5.4,15.2,No,,
2012-07-11,Melbourne,11.4,15.8,2.0,0.4,4.0,NW,56.0,N,N,30.0,30.0,73.0,66.0,1013.3,1013.7,7.0,,12.7,13.6,Yes,,
2012-07-13,Melbourne,9.6,14.9,3.6,0.4,1.5,NW,19.0,NW,NW,9.0,7.0,86.0,66.0,1009.0,1007.1,7.0,6.0,10.4,14.4,Yes,,
2012-07-14,Melbourne,10.4,14.0,,0.6,5.5,WSW,52.0,N,NW,15.0,22.0,66.0,56.0,1008.1,1006.3,,,11.4,13.4,,,
2012-07-27,Melbourne,9.9,14.6,2.6,2.0,2.5,SW,44.0,WSW,S,19.0,24.0,91.0,75.0,1011.4,1012.7,7.0,7.0,11.1,13.2,Yes,,
2012-07-28,Melbourne,8.2,16.1,,1.0,3.4,WSW,48.0,NW,WSW,13.0,28.0,82.0,64.0,1020.1,1019.2,,,10.3,15.5,,,
2012-08-03,Melbourne,6.5,16.2,0.4,1.8,9.1,N,50.0,N,WNW,31.0,6.0,60.0,46.0,1015.6,1013.1,3.0,6.0,10.0,15.0,No,,
2012-08-04,Melbourne,10.0,16.7,,2.6,7.3,N,41.0,W,N,13.0,13.0,76.0,36.0,1015.6,1013.4,,,10.5,15.7,,,
2012-08-10,Melbourne,8.0,15.1,8.2,2.0,2.7,SSW,48.0,SW,S,26.0,28.0,89.0,71.0,1027.1,1027.8,7.0,7.0,11.2,13.0,Yes,,
2012-08-11,Melbourne,9.6,15.5,,1.4,2.6,SSE,44.0,SSW,S,13.0,28.0,87.0,75.0,1030.4,1029.4,,,10.8,13.4,,,
2012-08-17,Melbourne,8.6,11.4,3.6,3.0,1.3,N,54.0,N,S,30.0,9.0,67.0,79.0,998.2,998.9,7.0,7.0,9.2,9.1,Yes,,
2012-08-18,Melbourne,8.9,13.4,,2.0,1.2,SW,59.0,SW,SSW,26.0,33.0,84.0,60.0,1013.3,1016.1,,,11.0,12.4,,,
2012-08-24,Melbourne,7.9,14.4,3.2,4.2,6.7,WNW,59.0,NNW,W,35.0,46.0,58.0,46.0,1007.1,1006.9,7.0,7.0,10.2,13.5,Yes,,
2012-08-25,Melbourne,6.7,14.8,,3.6,7.8,WNW,48.0,NNW,NNW,19.0,30.0,58.0,51.0,1017.4,1015.3,,,10.1,13.2,,,
2012-09-07,Melbourne,8.3,15.4,10.2,7.0,7.9,W,80.0,W,W,39.0,41.0,59.0,43.0,1003.3,1005.8,7.0,7.0,10.9,14.8,Yes,,
2012-09-08,Melbourne,9.7,16.7,,3.8,5.2,WSW,61.0,W,WSW,31.0,33.0,70.0,59.0,1016.4,1016.8,,,12.3,15.0,,,
2012-09-14,Melbourne,6.1,15.9,0.8,2.8,0.8,W,39.0,W,WNW,24.0,19.0,67.0,59.0,1020.0,1019.6,7.0,7.0,11.7,15.1,No,,
2012-09-15,Melbourne,10.2,15.8,,1.6,3.9,SSE,28.0,WSW,S,9.0,11.0,71.0,47.0,1026.5,1023.7,,,11.6,15.5,,,
2012-09-21,Melbourne,13.3,18.2,0.2,4.2,7.4,SW,52.0,W,SW,26.0,35.0,67.0,73.0,1013.8,1015.5,7.0,7.0,15.9,16.1,No,,
2012-09-22,Melbourne,11.6,21.3,,3.8,9.3,N,52.0,S,NNE,13.0,9.0,69.0,34.0,1019.0,1012.8,,,14.0,20.4,,,
2012-09-30,Melbourne,7.2,15.8,1.4,3.4,8.6,SW,48.0,WSW,SSW,30.0,22.0,61.0,52.0,1021.0,1022.9,,,11.3,14.9,Yes,,
2012-10-05,Melbourne,11.9,18.0,0.0,10.4,11.1,SW,35.0,SSW,SSE,22.0,24.0,65.0,45.0,1017.8,1018.1,5.0,3.0,14.5,16.7,No,,
2012-10-06,Melbourne,11.3,13.9,,4.4,1.2,S,41.0,SE,S,19.0,22.0,63.0,79.0,1016.7,1016.1,,,12.2,10.5,,,
2012-10-12,Melbourne,8.8,15.2,0.6,1.0,2.7,SSW,46.0,SW,S,20.0,28.0,72.0,55.0,1020.2,1020.3,7.0,7.0,11.7,14.0,No,,
2012-10-13,Melbourne,10.2,17.1,,3.0,4.8,WSW,41.0,WSW,WSW,19.0,17.0,75.0,52.0,1022.7,1021.3,,,11.9,16.6,,,
2012-10-19,Melbourne,11.7,28.4,0.4,3.6,8.8,N,56.0,N,NW,20.0,22.0,78.0,29.0,1012.5,1007.9,7.0,2.0,14.5,26.9,No,,
2012-10-20,Melbourne,12.8,22.2,,6.2,9.0,SW,39.0,W,S,15.0,17.0,66.0,41.0,1015.3,1013.4,,,13.7,21.2,,,
2012-10-26,Melbourne,10.5,15.7,1.6,5.4,6.0,SW,54.0,SW,W,24.0,26.0,64.0,58.0,1013.8,1012.1,6.0,7.0,12.0,14.8,Yes,,
2012-10-27,Melbourne,9.2,15.5,,3.8,1.0,SW,39.0,SW,S,26.0,17.0,70.0,55.0,1021.0,1023.0,,,11.0,14.0,,,
2013-01-25,Melbourne,19.4,27.4,0.0,16.2,3.0,N,70.0,SW,S,39.0,30.0,27.0,63.0,1008.1,1012.4,8.0,6.0,27.4,20.7,No,,
2013-01-26,Melbourne,16.3,21.7,,8.4,2.9,SSE,44.0,SSE,S,30.0,28.0,60.0,51.0,1014.9,1013.7,,,17.2,20.1,,,
2013-01-27,Melbourne,15.0,24.1,,5.4,9.3,S,48.0,SSE,S,26.0,28.0,80.0,54.0,1012.2,1011.2,,,17.4,22.9,,,
2013-03-15,Melbourne,17.8,23.9,0.0,5.6,6.5,S,35.0,W,SSE,7.0,19.0,58.0,42.0,1017.7,1016.9,7.0,3.0,20.0,23.1,No,,
2013-03-16,Melbourne,17.0,23.0,,5.4,1.8,SW,56.0,W,SW,13.0,28.0,70.0,72.0,1015.3,1013.5,,,17.5,19.1,,,
2013-03-28,Melbourne,15.6,22.3,17.4,11.6,4.4,WSW,76.0,W,W,11.0,33.0,73.0,45.0,1015.1,1015.7,6.0,7.0,16.2,18.6,Yes,,
2013-03-29,Melbourne,10.9,18.5,,5.4,3.1,SSW,37.0,W,WSW,15.0,15.0,67.0,52.0,1021.8,1019.9,,,12.6,17.4,,,
2013-03-31,Melbourne,13.9,19.2,4.0,3.8,3.8,SSE,33.0,W,SSW,19.0,13.0,75.0,59.0,1013.6,1015.1,,,15.1,19.1,Yes,,
2013-04-05,Melbourne,10.0,25.2,0.0,3.0,8.4,SSE,30.0,N,NE,15.0,13.0,79.0,55.0,1030.1,1026.6,4.0,6.0,12.0,23.0,No,,
2013-04-06,Melbourne,11.9,28.2,,3.4,9.2,N,44.0,N,NE,20.0,15.0,81.0,31.0,1026.0,1021.8,,,14.1,26.8,,,
2013-04-12,Melbourne,12.0,25.1,1.2,0.8,7.5,N,31.0,W,SSE,7.0,13.0,75.0,49.0,1023.8,1019.0,1.0,6.0,15.3,23.3,Yes,,
2013-04-13,Melbourne,15.3,24.3,,7.0,0.0,N,63.0,N,NNW,33.0,19.0,43.0,37.0,1013.8,1010.1,,,20.0,23.3,,,
2013-04-24,Melbourne,13.6,20.9,0.0,3.8,5.3,W,35.0,NW,W,17.0,26.0,53.0,61.0,1019.3,1017.9,6.0,7.0,15.3,17.8,No,,
2013-05-03,Melbourne,9.3,19.0,0.0,6.8,5.4,N,94.0,N,N,67.0,48.0,47.0,34.0,1021.2,1015.8,7.0,7.0,14.9,18.1,No,,
2013-05-04,Melbourne,11.3,17.1,,4.8,4.3,WSW,63.0,SW,S,22.0,31.0,54.0,48.0,1025.0,1025.6,,,12.3,15.2,,,
2013-05-10,Melbourne,12.7,25.1,0.0,4.6,9.4,N,39.0,N,NNE,19.0,22.0,76.0,33.0,1029.8,1026.6,7.0,6.0,14.5,24.5,No,,
2013-05-11,Melbourne,13.5,24.9,,5.2,8.2,NNE,56.0,N,N,31.0,28.0,52.0,26.0,1026.7,1022.4,,,17.8,24.4,,,
2013-05-17,Melbourne,9.8,16.4,3.8,3.0,3.5,SW,39.0,W,SSW,24.0,19.0,85.0,59.0,1015.5,1015.0,7.0,7.0,12.0,15.6,Yes,,
2013-05-18,Melbourne,10.0,15.3,,1.2,0.8,SSW,39.0,W,W,13.0,17.0,78.0,65.0,1017.9,1016.4,,,11.3,13.4,,,
2013-05-24,Melbourne,4.9,16.7,0.0,1.4,6.7,S,20.0,SW,SSW,13.0,9.0,87.0,55.0,1026.0,1023.9,7.0,6.0,8.0,15.8,No,,
2013-05-25,Melbourne,7.9,19.1,,1.0,8.3,WSW,33.0,NNW,WSW,9.0,24.0,78.0,48.0,1026.2,1023.8,,,12.8,18.2,,,
2013-05-31,Melbourne,14.0,18.6,9.2,2.6,3.7,N,63.0,N,N,39.0,31.0,82.0,69.0,1022.5,1019.1,3.0,7.0,15.7,18.2,Yes,,
2013-06-01,Melbourne,13.7,16.3,,8.0,0.0,S,31.0,N,SSW,13.0,11.0,96.0,85.0,1013.2,1010.7,,,13.9,15.7,,,
2013-06-07,Melbourne,10.9,15.9,17.0,3.6,3.1,N,50.0,W,WSW,28.0,24.0,76.0,51.0,1018.7,1023.0,7.0,7.0,12.7,14.2,Yes,,
2013-06-08,Melbourne,4.9,16.1,,1.8,7.9,N,30.0,N,NNW,17.0,20.0,79.0,43.0,1030.7,1027.7,,,6.8,15.0,,,
2013-06-09,Melbourne,6.1,14.3,,1.6,6.6,N,33.0,N,NNW,20.0,15.0,75.0,54.0,1027.0,1023.4,,,6.9,13.6,,,
2013-06-14,Melbourne,11.0,15.6,10.2,2.4,0.2,S,44.0,S,S,17.0,24.0,79.0,63.0,1013.1,1014.4,7.0,7.0,12.6,13.8,Yes,,
2013-06-15,Melbourne,9.7,14.8,,1.2,2.0,SSE,41.0,WSW,SSE,9.0,17.0,64.0,68.0,1020.7,1020.9,,,10.7,13.3,,,
2013-07-05,Melbourne,9.0,13.9,0.4,4.2,7.3,WNW,63.0,WNW,WNW,33.0,30.0,53.0,41.0,1007.8,1009.5,1.0,7.0,9.4,12.9,No,,
2013-07-06,Melbourne,9.4,16.2,,3.4,4.6,N,48.0,N,NW,31.0,20.0,72.0,41.0,1016.5,1016.4,,,10.2,14.6,,,
2013-07-12,Melbourne,5.9,17.5,0.0,1.2,6.1,N,39.0,N,N,20.0,17.0,81.0,51.0,1030.0,1026.8,2.0,7.0,8.0,16.3,No,,
2013-07-13,Melbourne,8.0,15.1,,2.0,0.0,NNE,43.0,NNE,NNE,19.0,15.0,77.0,74.0,1026.7,1023.6,,,10.8,14.6,,,
2013-07-19,Melbourne,14.3,17.0,7.0,4.4,7.4,N,59.0,N,NNW,39.0,35.0,65.0,59.0,1003.7,1002.4,5.0,7.0,14.9,16.0,Yes,,
2013-07-20,Melbourne,7.9,9.7,,3.2,0.0,NNW,28.0,NNE,WNW,15.0,17.0,81.0,91.0,1003.7,1002.8,,,8.6,7.2,,,
2013-07-26,Melbourne,7.8,15.1,0.6,2.2,6.3,N,54.0,N,NNW,33.0,22.0,83.0,59.0,1025.6,1024.6,7.0,3.0,9.3,14.5,No,,
2013-07-27,Melbourne,9.3,14.1,,2.2,4.0,N,67.0,NNE,NNE,22.0,37.0,67.0,56.0,1026.7,1023.9,,,10.5,13.4,,,
2013-08-02,Melbourne,7.7,13.9,0.0,3.8,5.0,N,67.0,N,WNW,50.0,30.0,52.0,58.0,1011.4,1008.9,6.0,5.0,11.2,12.7,No,,
2013-08-03,Melbourne,7.2,12.9,,2.2,2.3,N,67.0,N,N,33.0,44.0,65.0,62.0,1013.3,1006.9,,,8.8,12.8,,,
2013-08-09,Melbourne,8.3,11.7,6.4,4.4,0.4,N,87.0,N,N,57.0,56.0,80.0,67.0,1013.0,1009.8,8.0,7.0,8.8,11.2,Yes,,
2013-08-10,Melbourne,8.8,18.3,,2.0,9.5,N,44.0,NNW,W,15.0,22.0,65.0,38.0,1016.4,1015.6,,,11.5,17.5,,,
2013-08-16,Melbourne,10.5,17.5,0.0,4.4,8.0,N,93.0,N,NNE,46.0,50.0,55.0,26.0,1015.2,1004.8,4.0,1.0,11.6,17.3,No,,
2013-08-17,Melbourne,9.4,15.8,,4.8,6.3,N,59.0,N,NW,19.0,31.0,62.0,40.0,1007.5,1006.4,,,10.9,14.5,,,
2013-08-23,Melbourne,11.1,15.1,3.2,3.0,0.2,WSW,63.0,W,W,31.0,35.0,74.0,71.0,1008.4,1010.3,8.0,7.0,12.9,14.7,Yes,,
2013-08-24,Melbourne,10.3,16.8,,2.0,1.7,N,31.0,W,WSW,15.0,17.0,81.0,60.0,1022.5,1022.0,,,12.4,15.9,,,
2013-09-06,Melbourne,11.8,15.3,3.2,0.0,0.0,N,31.0,N,NNW,7.0,9.0,76.0,52.0,1027.2,1024.9,8.0,8.0,13.7,14.9,Yes,,
2013-09-07,Melbourne,8.8,20.1,,2.2,5.8,SW,46.0,WNW,SSW,22.0,26.0,63.0,83.0,1025.1,1024.8,,,12.5,13.7,,,
2013-09-13,Melbourne,3.9,16.0,2.0,3.0,2.4,N,57.0,NE,N,9.0,30.0,54.0,35.0,1018.0,1014.8,7.0,7.0,7.8,15.1,Yes,,
2013-09-14,Melbourne,7.8,19.2,,2.6,3.0,N,24.0,W,NW,2.0,7.0,62.0,45.0,1015.3,1013.1,,,12.4,16.1,,,
2013-09-20,Melbourne,10.3,18.4,1.8,2.8,3.7,WSW,54.0,WSW,WSW,28.0,30.0,74.0,63.0,1007.5,1010.0,7.0,7.0,12.1,16.0,Yes,,
2013-09-21,Melbourne,6.4,19.3,,2.8,7.8,N,48.0,N,N,11.0,24.0,72.0,48.0,1016.0,1011.8,,,11.3,18.6,,,
2013-09-24,Melbourne,14.9,24.6,0.0,7.6,8.9,N,54.0,N,NW,22.0,26.0,29.0,32.0,1003.1,1001.7,6.0,6.0,18.4,23.5,No,,
2013-09-27,Melbourne,7.2,20.2,1.4,4.2,10.6,SW,65.0,N,NNW,33.0,37.0,49.0,38.0,1017.7,1011.0,1.0,7.0,12.8,20.0,Yes,,
2013-09-28,Melbourne,8.8,16.4,,5.2,6.2,WSW,70.0,WNW,SW,39.0,30.0,48.0,49.0,1009.2,1012.7,,,13.5,14.1,,,
2013-10-04,Melbourne,5.8,21.5,0.4,3.2,11.2,N,54.0,N,N,13.0,33.0,53.0,40.0,1022.7,1017.1,2.0,6.0,12.9,20.5,No,,
2013-10-05,Melbourne,12.8,25.5,,7.4,5.8,N,80.0,N,N,52.0,41.0,42.0,33.0,1011.2,1006.4,,,15.3,24.6,,,
2013-10-11,Melbourne,10.0,21.3,4.2,0.8,10.3,WNW,43.0,W,W,22.0,26.0,61.0,33.0,1015.5,1014.3,2.0,6.0,12.6,20.3,Yes,,
2013-10-12,Melbourne,11.3,25.5,,4.8,12.2,N,59.0,N,NNW,33.0,31.0,49.0,32.0,1012.7,1007.2,,,16.2,23.7,,,
2013-10-25,Melbourne,7.5,16.3,0.6,3.4,3.6,W,44.0,WNW,WNW,20.0,24.0,62.0,45.0,1024.2,1022.0,7.0,7.0,11.0,15.5,No,,
2013-10-26,Melbourne,10.2,17.2,,3.2,3.9,WSW,39.0,WSW,WSW,19.0,24.0,65.0,49.0,1024.4,1023.5,,,12.3,16.3,,,
2013-11-01,Melbourne,9.5,22.7,0.0,4.6,11.1,SSE,30.0,NNE,ESE,7.0,9.0,60.0,41.0,1021.7,1018.5,3.0,6.0,14.9,21.5,No,,
2013-11-02,Melbourne,12.8,26.1,,4.6,11.4,W,35.0,SW,S,11.0,11.0,52.0,33.0,1016.2,1013.1,,,18.6,24.6,,,
2013-11-08,Melbourne,14.4,18.6,0.0,3.6,0.9,WSW,54.0,NNW,ENE,7.0,22.0,82.0,90.0,1006.8,1006.0,8.0,7.0,15.6,16.0,No,,
2013-11-09,Melbourne,10.3,17.5,,1.8,4.2,SSW,50.0,SW,S,30.0,30.0,73.0,56.0,1014.5,1017.3,,,12.7,16.1,,,
2013-11-15,Melbourne,11.6,19.0,0.2,3.4,7.6,S,44.0,SSW,S,17.0,28.0,77.0,55.0,1019.9,1019.4,7.0,5.0,13.7,18.0,No,,
2013-11-16,Melbourne,10.7,19.0,,4.4,3.6,SSW,37.0,SSE,S,19.0,24.0,64.0,61.0,1019.4,1018.0,,,14.8,17.3,,,
2013-11-19,Melbourne,14.7,31.6,0.0,8.0,12.2,N,61.0,N,NNW,43.0,20.0,32.0,39.0,1008.4,1006.8,6.0,6.0,24.3,26.4,No,,
2013-11-22,Melbourne,13.3,23.0,0.0,6.2,9.5,SW,41.0,WSW,W,19.0,24.0,67.0,37.0,1009.0,1006.8,7.0,4.0,15.1,21.4,No,,
2013-11-23,Melbourne,13.1,20.2,,5.4,5.3,WSW,54.0,WSW,SW,19.0,24.0,87.0,68.0,1007.2,1006.4,,,14.2,17.9,,,
2013-12-05,Melbourne,10.7,16.8,7.6,4.4,4.9,SSW,59.0,WSW,SW,31.0,22.0,54.0,65.0,1001.3,1003.6,7.0,7.0,13.3,14.4,Yes,,
2013-12-06,Melbourne,7.9,19.1,,2.0,8.9,S,39.0,WSW,S,22.0,19.0,57.0,44.0,1017.3,1018.3,,,13.1,17.7,,,
2013-12-07,Melbourne,11.0,27.1,,4.0,12.6,WSW,35.0,N,W,9.0,15.0,55.0,30.0,1021.3,1018.4,,,16.3,24.0,,,
2013-12-09,Melbourne,16.3,18.4,3.6,5.8,1.7,SW,43.0,ESE,SW,9.0,20.0,81.0,91.0,1005.6,1003.5,8.0,,16.6,15.6,Yes,,
2014-01-03,Melbourne,13.9,22.3,0.0,6.2,10.5,SW,56.0,NNE,S,9.0,33.0,66.0,54.0,1003.8,1002.6,5.0,1.0,16.5,20.3,No,,
2014-01-04,Melbourne,13.4,20.7,,7.8,3.8,WSW,50.0,W,W,33.0,26.0,57.0,51.0,1006.5,1006.9,,,15.9,19.1,,,
2014-01-17,Melbourne,25.6,43.9,1.2,17.4,10.2,N,61.0,N,NNW,44.0,24.0,14.0,11.0,1009.0,1004.8,1.0,,34.5,42.3,Yes,,
2014-01-18,Melbourne,21.5,24.0,,16.0,3.4,S,41.0,SSE,S,13.0,31.0,68.0,64.0,1012.1,1013.5,,,22.4,21.6,,,
2014-01-24,Melbourne,16.9,23.0,1.2,8.4,4.1,SSE,43.0,W,S,13.0,24.0,84.0,64.0,1009.4,1009.4,8.0,5.0,19.7,21.6,Yes,,
2014-01-25,Melbourne,15.5,21.0,,4.8,9.2,SSE,50.0,SSW,S,20.0,28.0,45.0,42.0,1019.0,1020.3,,,18.8,19.4,,,
2014-01-26,Melbourne,13.0,27.2,,6.8,13.5,SSE,30.0,ESE,SSE,17.0,17.0,54.0,40.0,1023.3,1019.9,,,17.3,24.9,,,
2014-01-27,Melbourne,16.9,35.3,,8.0,13.4,N,69.0,N,N,52.0,26.0,38.0,20.0,1018.6,1015.5,,,24.8,33.5,,,
2014-02-14,Melbourne,19.4,27.0,0.0,4.0,0.0,S,26.0,SW,SSE,7.0,13.0,73.0,56.0,1006.3,1003.4,7.0,7.0,21.1,25.7,No,,
2014-02-15,Melbourne,21.0,28.9,,4.0,1.8,SSW,37.0,N,SE,13.0,11.0,72.0,53.0,998.0,994.6,,,23.5,28.0,,,
2014-02-21,Melbourne,13.2,20.8,0.0,6.8,4.9,SSE,52.0,WSW,S,22.0,24.0,65.0,48.0,1020.5,1021.8,7.0,6.0,14.8,19.7,No,,
2014-02-22,Melbourne,14.2,20.2,,4.8,1.6,SSE,41.0,SW,S,17.0,31.0,87.0,56.0,1024.0,1024.2,,,15.4,19.6,,,
2014-03-14,Melbourne,14.9,27.3,0.0,5.4,8.8,SE,35.0,W,SSE,9.0,19.0,71.0,49.0,1015.8,1010.0,6.0,2.0,17.4,25.9,No,,
2014-03-15,Melbourne,17.3,29.6,,7.0,2.4,N,76.0,N,N,26.0,43.0,33.0,20.0,1005.2,998.4,,,22.5,29.1,,,
2014-03-21,Melbourne,14.6,23.6,0.0,10.6,4.4,SSW,57.0,N,SSW,37.0,22.0,58.0,65.0,1015.1,1014.1,7.0,7.0,22.0,21.4,No,,
2014-03-22,Melbourne,13.3,19.6,,5.0,1.1,SSW,41.0,SW,SSE,15.0,24.0,71.0,55.0,1021.1,1020.4,,,14.0,18.1,,,
2014-03-28,Melbourne,17.1,22.1,7.8,2.6,4.3,SSE,28.0,S,SSE,13.0,15.0,82.0,62.0,1017.1,1016.1,8.0,5.0,17.8,21.5,Yes,,
2014-03-29,Melbourne,12.7,24.4,,2.0,8.3,WSW,31.0,WSW,SSE,9.0,11.0,87.0,56.0,1018.1,1016.2,,,14.6,23.6,,,
2014-04-06,Melbourne,12.5,25.4,0.0,4.0,8.8,S,33.0,SSW,S,7.0,19.0,88.0,46.0,1024.5,1021.5,,,14.3,24.3,No,,
2014-04-07,Melbourne,13.3,24.9,,4.0,3.1,N,50.0,N,NNE,31.0,30.0,75.0,42.0,1023.7,1020.0,7.0,7.0,17.0,24.5,,,
2014-04-11,Melbourne,17.0,19.2,12.8,1.8,0.0,S,50.0,S,SSW,31.0,28.0,86.0,85.0,1011.3,1012.5,8.0,8.0,18.2,17.6,Yes,,
2014-04-12,Melbourne,15.5,23.0,,0.6,7.0,S,37.0,SSE,S,22.0,26.0,78.0,55.0,1018.7,1017.1,,,17.4,22.4,,,
2014-04-17,Melbourne,11.2,25.1,0.0,4.0,10.1,N,28.0,NNW,NE,6.0,13.0,76.0,36.0,1021.1,1018.0,0.0,6.0,14.1,24.1,No,,
2014-04-18,Melbourne,13.9,19.0,,3.2,2.6,SW,48.0,NNW,SSW,22.0,22.0,58.0,45.0,1014.8,1016.8,,,17.4,18.8,,,
2014-04-19,Melbourne,11.7,18.1,,1.8,1.3,SW,33.0,WSW,SW,17.0,19.0,65.0,52.0,1020.5,1018.5,,,13.2,16.6,,,
2014-04-20,Melbourne,12.7,19.1,,3.4,3.0,N,52.0,NNW,WSW,15.0,15.0,55.0,39.0,1018.2,1016.2,,,13.7,18.0,,,
2014-05-02,Melbourne,9.1,14.3,0.2,3.2,0.2,N,57.0,N,N,31.0,30.0,68.0,64.0,1004.7,999.8,7.0,7.0,12.0,13.8,No,,
2014-05-03,Melbourne,10.1,17.6,,1.0,3.9,SSW,56.0,WSW,SW,9.0,28.0,83.0,82.0,1000.1,999.7,,,11.5,15.0,,,
2014-05-09,Melbourne,7.0,18.6,0.0,3.8,2.1,N,61.0,N,N,31.0,35.0,58.0,50.0,1022.2,1018.2,7.0,7.0,12.1,17.5,No,,
2014-05-10,Melbourne,12.1,16.6,,3.0,2.0,N,54.0,N,SW,19.0,13.0,89.0,88.0,1017.7,1016.5,,,14.2,15.9,,,
2014-05-23,Melbourne,15.5,20.7,4.6,2.8,3.0,NW,41.0,NNW,SSW,13.0,15.0,89.0,71.0,1013.9,1011.7,7.0,5.0,16.3,18.1,Yes,,
2014-05-24,Melbourne,10.9,18.1,,1.6,4.5,N,30.0,N,E,13.0,2.0,81.0,63.0,1017.2,1014.9,,,12.2,16.6,,,
2014-05-31,Melbourne,7.0,18.8,0.0,0.8,1.9,SSE,26.0,N,SSE,6.0,13.0,83.0,56.0,1023.2,1019.0,,,11.4,18.0,No,,
2014-06-06,Melbourne,8.5,16.6,0.8,0.4,2.0,SSW,17.0,,S,0.0,9.0,85.0,61.0,1031.8,1029.7,7.0,7.0,10.7,15.3,No,,
2014-06-07,Melbourne,10.5,17.5,,0.6,3.4,SW,35.0,WSW,SW,13.0,22.0,87.0,87.0,1030.8,1028.6,,,12.8,14.9,,,
2014-06-08,Melbourne,11.2,15.9,,1.4,4.9,SSE,33.0,S,S,19.0,19.0,54.0,59.0,1032.4,1032.5,,,12.7,14.2,,,
2014-06-13,Melbourne,12.2,17.0,5.8,1.8,5.3,N,54.0,N,N,11.0,28.0,92.0,65.0,1013.1,1010.5,6.0,3.0,12.9,16.5,Yes,,
2014-06-14,Melbourne,10.3,15.8,,1.6,0.9,SSW,39.0,W,SSW,11.0,17.0,87.0,78.0,1015.1,1014.7,,,12.2,14.8,,,
2014-06-27,Melbourne,11.0,14.7,0.0,2.2,3.8,N,85.0,N,N,48.0,48.0,67.0,48.0,1012.3,1005.0,7.0,7.0,11.6,14.2,No,,
2014-06-28,Melbourne,9.6,13.0,,3.4,2.8,N,67.0,N,NNW,28.0,30.0,74.0,58.0,996.5,992.8,,,10.1,12.5,,,
2014-07-04,Melbourne,8.2,12.9,0.0,2.4,7.8,N,78.0,N,N,43.0,41.0,73.0,60.0,1015.6,1012.2,5.0,1.0,8.6,11.8,No,,
2014-07-05,Melbourne,8.6,15.4,,1.6,1.5,W,54.0,NNW,W,22.0,35.0,69.0,59.0,1012.7,1011.6,,,11.2,14.8,,,
2014-07-11,Melbourne,8.0,14.4,0.2,2.0,7.2,N,56.0,N,N,31.0,24.0,69.0,65.0,1016.2,1014.1,7.0,5.0,10.4,14.0,No,,
2014-07-12,Melbourne,7.2,11.6,,2.2,5.1,SW,57.0,WSW,S,19.0,13.0,74.0,71.0,1021.5,1024.0,,,7.4,10.0,,,
2014-07-18,Melbourne,5.9,14.3,3.0,2.4,6.8,SW,52.0,SW,S,20.0,35.0,66.0,59.0,1021.6,1023.7,5.0,5.0,9.5,12.6,Yes,,
2014-07-19,Melbourne,8.5,13.5,,1.4,1.6,SW,31.0,SW,SSE,17.0,15.0,89.0,68.0,1029.3,1029.3,,,9.6,12.5,,,
2014-07-24,Melbourne,4.5,15.0,0.0,1.6,0.6,N,54.0,N,NNE,9.0,26.0,78.0,56.0,1016.5,1013.1,7.0,7.0,8.8,14.5,No,,
2014-07-25,Melbourne,8.8,16.1,,1.6,7.1,N,48.0,N,N,30.0,30.0,74.0,62.0,1016.1,1015.9,,,12.4,15.5,,,
2014-07-26,Melbourne,12.3,15.3,,2.6,0.5,W,33.0,WNW,WSW,15.0,17.0,72.0,71.0,1023.1,1022.7,,,12.9,14.5,,,
2014-08-01,Melbourne,6.0,10.3,6.6,6.0,3.4,W,63.0,NW,W,22.0,33.0,60.0,73.0,1003.9,1009.6,7.0,7.0,7.6,8.6,Yes,,
2014-08-02,Melbourne,4.7,13.6,,2.4,6.5,WSW,37.0,W,SE,19.0,13.0,86.0,36.0,1029.9,1030.6,,,5.1,12.0,,,
2014-08-03,Melbourne,1.4,14.8,,0.6,10.0,N,28.0,N,N,20.0,11.0,81.0,36.0,1034.5,1031.8,,,2.9,13.6,,,
2014-08-08,Melbourne,10.7,16.4,3.6,1.4,1.4,WNW,30.0,NNW,NW,13.0,13.0,79.0,40.0,1031.0,1029.0,7.0,7.0,12.0,15.0,Yes,,
2014-08-09,Melbourne,8.1,15.1,,3.2,2.0,N,59.0,N,N,39.0,28.0,61.0,58.0,1027.4,1024.1,,,10.9,13.5,,,
2014-08-22,Melbourne,7.2,21.2,0.0,2.6,10.7,N,35.0,N,NNE,17.0,11.0,71.0,31.0,1031.4,1027.7,3.0,4.0,10.4,19.2,No,,
2014-08-23,Melbourne,7.3,20.5,,3.4,9.1,N,61.0,N,NNE,26.0,33.0,66.0,44.0,1029.1,1024.7,,,11.0,19.2,,,
2014-09-11,Melbourne,11.5,17.4,3.0,4.2,5.0,WSW,54.0,W,SW,22.0,22.0,69.0,50.0,1016.3,1018.1,5.0,7.0,12.8,14.8,Yes,,
2014-09-12,Melbourne,6.3,16.3,,3.0,4.4,WNW,22.0,SW,S,13.0,4.0,69.0,42.0,1027.2,1026.0,,,9.7,14.8,,,
2014-09-13,Melbourne,6.6,18.9,,2.0,9.9,N,28.0,NNE,S,9.0,9.0,69.0,41.0,1026.4,1021.9,,,10.0,18.0,,,
2014-10-31,Melbourne,10.8,32.9,0.2,6.4,8.8,SW,63.0,N,N,24.0,37.0,67.0,15.0,1009.5,1002.5,7.0,3.0,15.2,30.4,No,,
2014-11-01,Melbourne,13.6,17.9,,12.6,7.1,WSW,76.0,WSW,WSW,31.0,44.0,79.0,35.0,1004.0,1008.1,,,13.9,16.3,,,
2014-11-02,Melbourne,9.0,16.8,,5.6,6.3,SW,50.0,WSW,S,30.0,19.0,59.0,49.0,1021.2,1023.6,,,12.5,15.8,,,
2014-11-03,Melbourne,10.5,23.3,,4.0,10.3,NNE,33.0,SE,NNE,7.0,11.0,53.0,40.0,1025.9,1021.4,,,13.7,21.4,,,
2014-11-04,Melbourne,13.3,29.4,,6.4,8.2,N,61.0,N,N,43.0,39.0,31.0,13.0,1016.7,1012.1,,,20.7,27.5,,,
2014-11-05,Melbourne,13.0,18.8,,10.8,9.8,SSE,48.0,SSW,SSE,30.0,30.0,56.0,49.0,1018.9,1018.5,,,15.8,16.8,,,
2014-11-07,Melbourne,11.6,33.0,5.2,6.0,11.6,N,43.0,N,N,24.0,24.0,47.0,18.0,1016.8,1014.9,1.0,,19.4,31.5,Yes,,
2014-11-08,Melbourne,19.3,35.2,,14.4,10.6,N,74.0,N,N,57.0,28.0,21.0,8.0,1014.9,1011.4,,,25.8,34.6,,,
2014-11-14,Melbourne,18.9,20.9,0.0,12.4,1.3,N,52.0,S,SSE,24.0,30.0,59.0,56.0,1010.0,1013.9,6.0,,20.4,18.3,No,,
2014-11-15,Melbourne,12.4,18.1,,5.6,1.9,SW,35.0,SE,SE,19.0,15.0,55.0,51.0,1013.6,1010.7,,,14.2,16.9,,,
2014-11-21,Melbourne,16.8,23.9,0.8,5.0,10.6,SW,41.0,SW,SSE,22.0,13.0,65.0,40.0,1011.0,1010.8,7.0,1.0,17.4,22.2,No,,
2014-11-22,Melbourne,13.4,31.4,,6.8,4.6,N,61.0,N,N,17.0,39.0,66.0,24.0,1010.9,1007.8,,,17.4,28.3,,,
2014-11-24,Melbourne,15.7,19.9,2.0,7.8,0.4,N,63.0,WSW,SW,9.0,26.0,79.0,88.0,1009.1,1006.5,7.0,,17.5,18.3,Yes,,
2014-12-04,Melbourne,17.6,27.7,8.6,1.8,11.8,SSE,35.0,SE,SSE,7.0,19.0,77.0,54.0,1010.2,1008.1,7.0,6.0,20.8,25.9,Yes,,
2014-12-05,Melbourne,17.7,21.4,,6.6,0.1,S,35.0,SSW,S,15.0,26.0,78.0,75.0,1008.5,1007.3,8.0,8.0,19.3,20.5,,,
2014-12-06,Melbourne,15.6,22.9,,3.6,1.4,SE,43.0,S,S,19.0,28.0,86.0,61.0,1008.9,1006.2,,,16.7,22.1,,,
2014-12-20,Melbourne,12.6,23.8,0.0,5.4,13.4,S,35.0,SSW,ESE,13.0,13.0,59.0,41.0,1019.3,1017.5,,,16.4,22.4,No,,
2014-12-21,Melbourne,13.7,33.8,,7.2,11.6,S,43.0,NE,NE,9.0,11.0,64.0,23.0,1014.6,1011.4,,,19.2,32.1,,,
2015-01-06,Melbourne,17.6,,0.0,6.6,11.6,S,35.0,ENE,SSE,7.0,22.0,64.0,,1020.2,,3.0,,20.7,,No,,
2015-01-07,Melbourne,,,,8.0,11.8,N,61.0,N,W,35.0,24.0,,,,,,,,,,,
2015-01-08,Melbourne,,,,14.4,1.1,N,61.0,WNW,WSW,17.0,33.0,,,,,,,,,,,
2015-01-09,Melbourne,,,,4.0,0.0,S,31.0,S,S,11.0,17.0,,,,,,,,,,,
2015-01-10,Melbourne,,,,4.2,0.0,S,26.0,W,S,7.0,15.0,,,,,,,,,,,
2015-01-11,Melbourne,,,,1.2,8.3,S,43.0,SE,SSE,26.0,19.0,,,,,,,,,,,
2015-01-12,Melbourne,,,,6.0,13.3,SSE,41.0,W,SSE,7.0,20.0,,,,,,,,,,,
2015-01-13,Melbourne,,,,9.4,3.1,N,65.0,NNE,NNE,24.0,31.0,,,,,,,,,,,
2015-01-14,Melbourne,,,,4.8,2.1,SW,57.0,WSW,WSW,28.0,35.0,,,,,,,,,,,
2015-01-15,Melbourne,,,,5.0,1.6,W,39.0,WSW,S,26.0,24.0,,,,,,,,,,,
2015-01-16,Melbourne,,,,4.2,11.7,W,50.0,NW,WNW,9.0,30.0,,,,,,,,,,,
2015-01-17,Melbourne,,,,9.6,11.7,W,50.0,WSW,WSW,31.0,28.0,,,,,,,,,,,
2015-01-18,Melbourne,,,,10.6,5.4,SSE,46.0,SW,S,24.0,28.0,,,,,,,,,,,
2015-01-19,Melbourne,,,,8.0,10.0,SE,39.0,SE,S,17.0,22.0,,,,,,,,,,,
2015-01-20,Melbourne,,,,9.8,0.9,N,63.0,N,N,39.0,33.0,,,,,,,,,,,
2015-01-21,Melbourne,,,,6.6,11.1,N,52.0,NNE,NNW,24.0,17.0,,,,,,,,,,,
2015-01-22,Melbourne,,,,11.4,10.0,S,50.0,,NNW,0.0,24.0,,,,,,,,,,,
2015-01-23,Melbourne,,,,10.2,12.0,SSE,44.0,S,SSE,11.0,31.0,,,,,,,,,,,
2015-01-24,Melbourne,,,,9.6,13.1,S,37.0,N,SSE,6.0,24.0,,,,,,,,,,,
2015-01-25,Melbourne,,,,8.2,11.0,SW,59.0,SW,WSW,28.0,37.0,,,,,,,,,,,
2015-01-26,Melbourne,,,,8.2,8.9,SSE,48.0,SW,SSE,7.0,28.0,,,,,,,,,,,
2015-01-27,Melbourne,,,,6.2,4.6,SSE,52.0,SSE,S,24.0,33.0,,,,,,,,,,,
2015-01-28,Melbourne,,,,6.0,12.5,S,63.0,SSE,SSE,30.0,35.0,,,,,,,,,,,
2015-01-29,Melbourne,,,,9.0,12.8,SSE,56.0,SE,S,28.0,39.0,,,,,,,,,,,
2015-01-30,Melbourne,,,,8.0,11.8,SSE,59.0,SSE,S,19.0,30.0,,,,,,,,,,,
2015-01-31,Melbourne,,,,8.0,9.0,S,52.0,SW,SSW,20.0,24.0,,,,,,,,,,,
2015-02-01,Melbourne,,,,6.6,0.3,S,50.0,WSW,SSW,19.0,28.0,,,,,,,,,,,
2015-02-02,Melbourne,,,,3.4,7.7,SSE,50.0,SSW,SSE,17.0,30.0,,,,,,,,,,,
2015-02-03,Melbourne,,,,5.0,8.6,SSE,44.0,SSW,S,15.0,17.0,,,,,,,,,,,
2015-02-04,Melbourne,,,,8.0,6.7,S,46.0,SSE,S,30.0,28.0,,,,,,,,,,,
2015-02-05,Melbourne,,,,5.6,12.9,S,37.0,W,S,4.0,20.0,,,,,,,,,,,
2015-02-06,Melbourne,,,,8.2,11.9,NE,48.0,N,N,9.0,24.0,,,,,,,,,,,
2015-02-07,Melbourne,,,,14.4,5.9,N,72.0,N,NW,46.0,26.0,,,,,,,,,,,
2015-02-08,Melbourne,,,,12.8,5.8,S,39.0,SSW,SSE,22.0,22.0,,,,,,,,,,,
2015-02-09,Melbourne,,,,4.2,12.6,SSW,35.0,SSE,SSW,24.0,19.0,,,,,,,,,,,
2015-02-10,Melbourne,,,,6.8,12.5,NNE,41.0,WSW,S,7.0,22.0,,,,,,,,,,,
2015-02-11,Melbourne,,,,8.6,11.1,N,54.0,N,SSE,20.0,19.0,,,,,,,,,,,
2015-02-12,Melbourne,,,,9.2,7.0,SSE,35.0,SE,S,24.0,17.0,,,,,,,,,,,
2015-02-13,Melbourne,,,,7.4,6.1,N,54.0,NNE,N,28.0,24.0,,,,,,,,,,,
2015-02-14,Melbourne,,,,7.0,8.9,SSE,41.0,W,SSE,9.0,20.0,,,,,,,,,,,
2015-02-15,Melbourne,,,,5.0,11.4,N,44.0,NE,ENE,15.0,9.0,,,,,,,,,,,
2015-02-16,Melbourne,,,,10.6,12.4,WSW,43.0,SW,SSE,17.0,24.0,,,,,,,,,,,
2015-02-17,Melbourne,,,,10.8,0.7,S,31.0,SSE,S,20.0,17.0,,,,,,,,,,,
2015-02-18,Melbourne,,,,2.2,0.5,SSE,30.0,S,SSE,13.0,19.0,,,,,,,,,,,
2015-02-19,Melbourne,,,,3.0,10.4,S,33.0,WNW,SSE,7.0,19.0,,,,,,,,,,,
2015-02-20,Melbourne,,,,6.6,12.7,S,33.0,SW,S,6.0,24.0,,,,,,,,,,,
2015-02-21,Melbourne,,,,7.2,11.1,S,56.0,ENE,WNW,15.0,19.0,,,,,,,,,,,
2015-02-22,Melbourne,,,,12.4,2.7,N,63.0,N,N,48.0,26.0,,,,,,,,,,,
2015-02-23,Melbourne,,,,10.8,2.5,N,63.0,N,S,46.0,19.0,,,,,,,,,,,
2015-02-24,Melbourne,,,,6.4,8.7,S,48.0,SSE,S,30.0,33.0,,,,,,,,,,,
2015-02-25,Melbourne,,,,6.0,9.4,SSE,31.0,SW,SE,6.0,13.0,,,,,,,,,,,
2015-02-26,Melbourne,,,,5.6,8.3,SSE,37.0,W,SSE,9.0,19.0,,,,,,,,,,,
2015-02-27,Melbourne,,,,5.0,7.9,SSE,33.0,WSW,ESE,11.0,6.0,,,,,,,,,,,
2015-02-28,Melbourne,,,,5.0,2.7,WSW,122.0,N,NNE,26.0,35.0,,,,,,,,,,,
2015-03-01,Melbourne,,,,10.2,11.0,SSE,44.0,SW,S,19.0,28.0,,,,,,,,,,,
2015-03-02,Melbourne,,,,5.6,8.8,S,24.0,N,S,6.0,17.0,,,,,,,,,,,
2015-03-03,Melbourne,,,,4.4,10.9,SSW,30.0,SW,S,13.0,17.0,,,,,,,,,,,
2015-03-04,Melbourne,,,,5.0,10.8,W,41.0,W,WNW,17.0,11.0,,,,,,,,,,,
2015-03-05,Melbourne,,,,8.4,11.2,SW,70.0,SW,S,26.0,24.0,,,,,,,,,,,
2015-03-06,Melbourne,,,,7.0,1.4,WSW,56.0,W,WSW,30.0,24.0,,,,,,,,,,,
2015-03-07,Melbourne,,,,2.8,5.6,W,35.0,NW,WSW,13.0,20.0,,,,,,,,,,,
2015-03-08,Melbourne,,,,3.0,8.8,S,37.0,S,WSW,7.0,19.0,,,,,,,,,,,
2015-03-09,Melbourne,,,,5.4,7.7,SSW,46.0,WNW,SSE,13.0,20.0,,,,,,,,,,,
2015-03-10,Melbourne,,,,5.4,9.0,SSE,33.0,SW,S,9.0,13.0,,,,,,,,,,,
2015-03-11,Melbourne,,,,7.8,11.0,SSE,39.0,NW,S,15.0,24.0,,,,,,,,,,,
2015-03-12,Melbourne,,,,6.2,6.4,S,48.0,WSW,SSE,26.0,28.0,,,,,,,,,,,
2015-03-13,Melbourne,,,,6.6,9.9,SE,41.0,SE,SSW,19.0,24.0,,,,,,,,,,,
2015-03-14,Melbourne,,,,6.4,9.2,SSE,48.0,N,WNW,33.0,24.0,,,,,,,,,,,
2015-03-15,Melbourne,,,,7.4,6.5,SSE,46.0,SSE,SSE,26.0,20.0,,,,,,,,,,,
2015-03-16,Melbourne,,,,5.2,3.8,N,56.0,N,NNE,15.0,26.0,,,,,,,,,,,
2015-03-17,Melbourne,,,,6.4,0.3,N,69.0,N,N,39.0,50.0,,,,,,,,,,,
2015-03-18,Melbourne,,,,7.8,8.1,WSW,31.0,NW,WNW,13.0,7.0,,,,,,,,,,,
2015-03-19,Melbourne,,,,5.8,10.1,N,80.0,N,N,56.0,44.0,,,,,,,,,,,
2015-03-20,Melbourne,,,,12.4,10.4,SSW,48.0,W,S,13.0,26.0,,,,,,,,,,,
2015-03-21,Melbourne,,,,5.6,11.2,SSE,41.0,SE,S,17.0,15.0,,,,,,,,,,,
2015-03-22,Melbourne,,,,5.6,10.7,N,52.0,N,N,9.0,28.0,,,,,,,,,,,
2015-03-23,Melbourne,,,,9.6,0.5,N,63.0,N,NW,41.0,24.0,,,,,,,,,,,
2015-03-24,Melbourne,,,,7.2,0.0,SSW,46.0,SW,SSW,20.0,30.0,,,,,,,,,,,
2015-03-25,Melbourne,,,,6.2,6.3,S,31.0,W,N,7.0,13.0,,,,,,,,,,,
2015-03-26,Melbourne,,,,2.4,7.5,NW,72.0,N,NW,15.0,31.0,,,,,,,,,,,
2015-03-27,Melbourne,,,,6.4,4.4,WSW,59.0,WSW,SW,31.0,35.0,,,,,,,,,,,
2015-03-28,Melbourne,,,,4.8,5.5,SSE,26.0,WSW,W,9.0,9.0,,,,,,,,,,,
2015-03-29,Melbourne,,,,2.6,11.4,SSE,39.0,N,SSE,19.0,19.0,,,,,,,,,,,
2015-03-30,Melbourne,,,,5.2,11.1,S,35.0,WNW,S,11.0,26.0,,,,,,,,,,,
2015-03-31,Melbourne,,,,4.2,10.9,SSE,33.0,N,SE,9.0,13.0,,,,,,,,,,,
2015-04-01,Melbourne,,,,6.6,3.9,N,61.0,N,NNW,41.0,37.0,,,,,,,,,,,
2015-04-02,Melbourne,,,,8.6,10.1,SW,56.0,WSW,S,24.0,37.0,,,,,,,,,,,
2015-04-03,Melbourne,,,,5.8,10.8,SSE,41.0,,S,0.0,28.0,,,,,,,,,,,
2015-04-04,Melbourne,,,,4.2,8.8,SE,28.0,N,S,17.0,13.0,,,,,,,,,,,
2015-04-05,Melbourne,,,,4.6,3.5,SSW,37.0,W,SSE,13.0,19.0,,,,,,,,,,,
2015-04-06,Melbourne,,,,4.0,1.3,S,28.0,NW,S,6.0,9.0,,,,,,,,,,,
2015-04-07,Melbourne,,,,2.6,0.0,SSW,61.0,SSW,S,15.0,33.0,,,,,,,,,,,
2015-04-08,Melbourne,,,,3.8,5.9,S,46.0,SW,S,24.0,31.0,,,,,,,,,,,
2015-04-09,Melbourne,,,,1.6,7.9,S,33.0,SSW,S,11.0,19.0,,,,,,,,,,,
2015-04-10,Melbourne,,,,3.0,10.5,S,30.0,SW,S,4.0,17.0,,,,,,,,,,,
2015-04-11,Melbourne,,,,4.0,8.2,S,37.0,N,SW,9.0,13.0,,,,,,,,,,,
2015-04-12,Melbourne,,,,3.2,6.3,S,37.0,SSE,S,11.0,24.0,,,,,,,,,,,
2015-04-13,Melbourne,,,,3.0,7.2,SSE,22.0,W,SSE,7.0,11.0,,,,,,,,,,,
2015-04-14,Melbourne,,,,2.4,2.1,N,59.0,NNE,NNE,11.0,26.0,,,,,,,,,,,
2015-04-15,Melbourne,,,,4.4,9.3,N,70.0,NE,N,19.0,30.0,,,,,,,,,,,
2015-04-16,Melbourne,,,,6.6,3.6,WSW,33.0,WSW,SSE,24.0,17.0,,,,,,,,,,,
2015-04-17,Melbourne,,,,3.2,1.4,NNE,31.0,WNW,NNW,6.0,7.0,,,,,,,,,,,
2015-04-18,Melbourne,,,,1.8,5.7,WSW,54.0,SW,WNW,7.0,17.0,,,,,,,,,,,
2015-04-19,Melbourne,,,,2.4,6.1,SSE,59.0,WSW,SSE,26.0,46.0,,,,,,,,,,,
2015-04-20,Melbourne,,,,2.4,9.3,SSE,50.0,SSW,S,9.0,31.0,,,,,,,,,,,
2015-04-21,Melbourne,,,,3.2,8.5,SSE,44.0,SSW,S,11.0,31.0,,,,,,,,,,,
2015-04-22,Melbourne,,,,2.8,3.0,S,43.0,SSW,S,13.0,28.0,,,,,,,,,,,
2015-04-23,Melbourne,,,,,1.6,S,30.0,S,SSW,15.0,19.0,,,,,,,,,,,
2015-04-24,Melbourne,,,,0.8,1.8,W,48.0,N,WNW,13.0,19.0,,,,,,,,,,,
2015-04-25,Melbourne,,,,2.6,0.0,SW,37.0,,WSW,0.0,13.0,,,,,,,,,,,
2015-04-26,Melbourne,,,,1.1,2.4,WSW,44.0,SW,SSW,20.0,19.0,,,,,,,,,,,
2015-04-27,Melbourne,,,,2.8,3.3,SW,37.0,WSW,S,22.0,19.0,,,,,,,,,,,
2015-04-28,Melbourne,,,,1.8,1.8,S,35.0,WSW,S,9.0,17.0,,,,,,,,,,,
2015-04-29,Melbourne,,,,1.6,9.0,SSE,20.0,NNW,S,6.0,4.0,,,,,,,,,,,
2015-04-30,Melbourne,,,,1.6,10.1,SSE,28.0,N,SSE,11.0,15.0,,,,,,,,,,,
2015-05-01,Melbourne,,,,2.0,10.0,NNE,43.0,NNE,NNE,13.0,24.0,,,,,,,,,,,
2015-05-02,Melbourne,,,,5.4,4.1,N,59.0,N,N,28.0,30.0,,,,,,,,,,,
2015-05-03,Melbourne,,,,3.2,7.6,S,26.0,N,S,9.0,11.0,,,,,,,,,,,
2015-05-04,Melbourne,,,,2.8,9.0,N,78.0,NNW,N,11.0,35.0,,,,,,,,,,,
2015-05-05,Melbourne,,,,7.4,6.1,W,76.0,N,WNW,26.0,44.0,,,,,,,,,,,
2015-05-06,Melbourne,,,,5.2,5.6,NNW,52.0,NNW,NW,30.0,28.0,,,,,,,,,,,
2015-05-07,Melbourne,,,,3.2,4.0,WSW,52.0,WNW,W,30.0,30.0,,,,,,,,,,,
2015-05-08,Melbourne,,,,1.8,2.2,W,44.0,NW,NW,13.0,19.0,,,,,,,,,,,
2015-05-09,Melbourne,,,,3.0,7.2,NNW,59.0,N,NNW,22.0,30.0,,,,,,,,,,,
2015-05-10,Melbourne,,,,5.4,2.8,WSW,61.0,NNE,WSW,11.0,41.0,,,,,,,,,,,
2015-05-11,Melbourne,,,,2.8,2.5,WSW,57.0,WSW,WSW,33.0,28.0,,,,,,,,,,,
2015-05-12,Melbourne,,,,3.0,2.5,WSW,70.0,NW,W,20.0,31.0,,,,,,,,,,,
2015-05-13,Melbourne,,,,3.4,4.0,SSW,56.0,W,SW,24.0,28.0,,,,,,,,,,,
2015-05-14,Melbourne,,,,2.0,3.1,SW,48.0,WSW,S,30.0,17.0,,,,,,,,,,,
2015-05-15,Melbourne,,,,1.0,0.3,SSW,33.0,SW,S,15.0,15.0,,,,,,,,,,,
2015-05-16,Melbourne,,,,1.2,7.3,S,24.0,ENE,ESE,7.0,11.0,,,,,,,,,,,
2015-05-17,Melbourne,,,,1.4,9.6,NNE,37.0,NNE,NNE,13.0,17.0,,,,,,,,,,,
2015-05-18,Melbourne,,,,3.2,8.2,N,61.0,N,NNE,19.0,22.0,,,,,,,,,,,
2015-05-19,Melbourne,,,,4.4,0.7,N,61.0,N,NNW,28.0,22.0,,,,,,,,,,,
2015-05-20,Melbourne,,,,2.4,6.8,N,57.0,N,NNW,35.0,20.0,,,,,,,,,,,
2015-05-21,Melbourne,,,,2.2,0.0,SSW,37.0,SSW,SSW,11.0,13.0,,,,,,,,,,,
2015-05-22,Melbourne,,,,0.6,1.4,SSE,41.0,SW,S,13.0,28.0,,,,,,,,,,,
2015-05-23,Melbourne,,,,1.4,6.6,SSW,26.0,SSW,SSE,11.0,17.0,,,,,,,,,,,
2015-05-24,Melbourne,,,,2.0,4.3,N,31.0,WNW,NNE,13.0,20.0,,,,,,,,,,,
2015-05-25,Melbourne,,,,1.4,2.7,N,30.0,N,NNE,19.0,15.0,,,,,,,,,,,
2015-05-26,Melbourne,,,,2.0,3.4,N,54.0,N,N,17.0,13.0,,,,,,,,,,,
2015-05-27,Melbourne,,,,3.2,6.5,N,61.0,N,N,30.0,37.0,,,,,,,,,,,
2015-05-28,Melbourne,,,,4.0,7.4,N,57.0,N,N,39.0,33.0,,,,,,,,,,,
2015-05-29,Melbourne,,,,3.2,4.7,W,39.0,N,W,19.0,20.0,,,,,,,,,,,
2015-05-30,Melbourne,,,,2.8,8.9,NNW,57.0,NNW,NW,20.0,28.0,,,,,,,,,,,
2015-05-31,Melbourne,,,,4.4,3.3,W,52.0,NNW,W,22.0,35.0,,,,,,,,,,,
2015-06-01,Melbourne,,,,1.8,6.0,SW,44.0,WSW,SSW,15.0,22.0,,,,,,,,,,,
2015-06-02,Melbourne,,,,1.4,0.7,S,30.0,W,S,17.0,17.0,,,,,,,,,,,
2015-06-03,Melbourne,,,,0.0,2.0,N,26.0,,WNW,0.0,11.0,,,,,,,,,,,
2015-06-04,Melbourne,,,,1.4,3.3,N,65.0,N,N,33.0,26.0,,,,,,,,,,,
2015-06-05,Melbourne,,,,2.0,1.3,N,50.0,N,WNW,26.0,17.0,,,,,,,,,,,
2015-06-06,Melbourne,,,,0.8,7.2,NNE,48.0,N,NNW,28.0,17.0,,,,,,,,,,,
2015-06-07,Melbourne,,,,4.0,3.0,N,85.0,N,N,57.0,37.0,,,,,,,,,,,
2015-06-08,Melbourne,,,,3.0,6.8,N,91.0,NNE,NW,26.0,39.0,,,,,,,,,,,
2015-06-09,Melbourne,,,,5.0,5.8,WSW,46.0,W,WSW,17.0,31.0,,,,,,,,,,,
2015-06-10,Melbourne,,,,1.8,2.9,SSW,31.0,WSW,S,11.0,24.0,,,,,,,,,,,
2015-06-11,Melbourne,,,,1.6,8.0,ESE,19.0,N,SSE,13.0,6.0,,,,,,,,,,,
2015-06-12,Melbourne,,,,1.2,4.7,N,28.0,NE,ESE,7.0,11.0,,,,,,,,,,,
2015-06-13,Melbourne,,,,0.8,5.4,NNE,37.0,N,NNE,28.0,22.0,,,,,,,,,,,
2015-06-14,Melbourne,,,,2.6,6.0,N,28.0,N,E,19.0,13.0,,,,,,,,,,,
2015-06-15,Melbourne,,,,0.6,3.1,NNE,31.0,,NNE,0.0,13.0,,,,,,,,,,,
2015-06-16,Melbourne,,,,1.0,0.0,N,30.0,E,NW,9.0,13.0,,,,,,,,,,,
2015-06-17,Melbourne,,,,1.0,0.0,SE,31.0,,S,0.0,13.0,,,,,,,,,,,
2015-06-18,Melbourne,,,,1.0,0.0,SE,41.0,SSE,SSE,22.0,24.0,,,,,,,,,,,
2015-06-19,Melbourne,,,,0.8,4.9,SSW,31.0,S,SSE,9.0,20.0,,,,,,,,,,,
2015-06-20,Melbourne,,,,1.2,3.8,S,22.0,W,S,13.0,11.0,,,,,,,,,,,
2015-06-21,Melbourne,,,,0.6,9.1,N,48.0,N,NNE,19.0,28.0,,,,,,,,,,,
2015-06-22,Melbourne,,,,3.4,3.4,NNE,74.0,N,N,43.0,35.0,,,,,,,,,,,
2015-06-23,Melbourne,,,,2.8,7.8,N,76.0,NNE,NNE,28.0,41.0,,,,,,,,,,,
2015-06-24,Melbourne,,,,3.8,6.7,N,63.0,NNW,SSW,20.0,17.0,,,,,,,,,,,
2015-06-25,Melbourne,,,,1.6,3.0,SW,41.0,W,WSW,15.0,26.0,,,,,,,,,,,
2015-06-26,Melbourne,,,,1.6,5.7,WNW,26.0,WNW,WSW,11.0,11.0,,,,,,,,,,,
2015-06-27,Melbourne,,,,2.2,1.2,NNE,35.0,N,N,19.0,20.0,,,,,,,,,,,
2015-06-28,Melbourne,,,,1.2,2.1,N,24.0,W,SW,13.0,9.0,,,,,,,,,,,
2015-06-29,Melbourne,,,,0.8,3.6,WNW,17.0,,SW,0.0,9.0,,,,,,,,,,,
2015-06-30,Melbourne,,,,0.8,3.9,N,20.0,N,SSW,13.0,7.0,,,,,,,,,,,
2015-07-01,Melbourne,,,,1.8,3.5,NNW,46.0,WNW,NW,15.0,19.0,,,,,,,,,,,
2015-07-02,Melbourne,,,,3.6,5.7,WSW,74.0,W,SSW,22.0,35.0,,,,,,,,,,,
2015-07-03,Melbourne,,,,1.4,0.2,WSW,28.0,N,WSW,9.0,17.0,,,,,,,,,,,
2015-07-04,Melbourne,,,,2.6,0.0,N,46.0,N,N,31.0,26.0,,,,,,,,,,,
2015-07-05,Melbourne,,,,1.0,5.2,N,63.0,N,N,28.0,28.0,,,,,,,,,,,
2015-07-06,Melbourne,,,,4.0,0.2,N,57.0,NNE,N,20.0,30.0,,,,,,,,,,,
2015-07-07,Melbourne,,,,1.2,2.1,N,39.0,N,SSE,9.0,6.0,,,,,,,,,,,
2015-07-08,Melbourne,,,,0.8,7.2,N,39.0,N,N,19.0,20.0,,,,,,,,,,,
2015-07-09,Melbourne,,,,2.4,0.1,N,46.0,N,N,22.0,20.0,,,,,,,,,,,
2015-07-10,Melbourne,,,,1.8,1.7,N,67.0,N,NNE,26.0,28.0,,,,,,,,,,,
2015-07-11,Melbourne,,,,3.2,1.9,N,59.0,NNE,NW,28.0,15.0,,,,,,,,,,,
2015-07-12,Melbourne,,,,1.8,0.0,SSW,50.0,W,WSW,17.0,20.0,,,,,,,,,,,
2015-07-13,Melbourne,,,,2.8,0.3,WSW,56.0,WSW,WSW,35.0,26.0,,,,,,,,,,,
2015-07-14,Melbourne,,,,1.8,0.4,N,65.0,WNW,N,13.0,39.0,,,,,,,,,,,
2015-07-15,Melbourne,,,,3.0,2.7,SSE,24.0,N,WSW,9.0,6.0,,,,,,,,,,,
2015-07-16,Melbourne,,,,0.2,3.7,SSE,39.0,SSE,S,17.0,26.0,,,,,,,,,,,
2015-07-17,Melbourne,,,,1.2,2.0,S,56.0,SW,SSW,20.0,24.0,,,,,,,,,,,
2015-07-18,Melbourne,,,,0.8,7.0,S,31.0,SW,SSE,7.0,17.0,,,,,,,,,,,
2015-07-19,Melbourne,,,,1.4,8.3,N,24.0,N,NNW,15.0,9.0,,,,,,,,,,,
2015-07-20,Melbourne,,,,1.6,9.3,N,50.0,N,N,13.0,28.0,,,,,,,,,,,
2015-07-21,Melbourne,,,,4.2,6.4,N,78.0,N,N,43.0,39.0,,,,,,,,,,,
2015-07-22,Melbourne,,,,3.4,3.3,N,67.0,NE,NW,13.0,17.0,,,,,,,,,,,
2015-07-23,Melbourne,,,,2.0,8.6,N,48.0,N,N,24.0,20.0,,,,,,,,,,,
2015-07-24,Melbourne,,,,2.0,4.0,N,52.0,NNE,N,30.0,30.0,,,,,,,,,,,
2015-07-25,Melbourne,,,,2.8,3.6,N,70.0,N,N,22.0,26.0,,,,,,,,,,,
2015-07-26,Melbourne,,,,2.0,8.2,W,83.0,WNW,W,28.0,22.0,,,,,,,,,,,
2015-07-27,Melbourne,,,,3.2,8.3,WSW,44.0,W,WSW,22.0,30.0,,,,,,,,,,,
2015-07-28,Melbourne,,,,1.8,8.1,WSW,31.0,W,SW,19.0,22.0,,,,,,,,,,,
2015-07-29,Melbourne,,,,2.8,3.8,NNE,43.0,N,N,22.0,24.0,,,,,,,,,,,
2015-07-30,Melbourne,,,,2.8,2.6,N,87.0,NNE,N,30.0,65.0,,,,,,,,,,,
2015-07-31,Melbourne,,,,3.2,9.6,N,57.0,NNW,N,11.0,26.0,,,,,,,,,,,
2015-08-01,Melbourne,,,,3.6,0.0,N,80.0,WSW,SW,22.0,17.0,,,,,,,,,,,
2015-08-02,Melbourne,,,,1.4,6.5,WNW,52.0,N,WNW,19.0,31.0,,,,,,,,,,,
2015-08-03,Melbourne,,,,3.2,5.6,W,56.0,W,SSW,24.0,22.0,,,,,,,,,,,
2015-08-04,Melbourne,,,,3.0,3.1,N,39.0,WNW,WNW,20.0,19.0,,,,,,,,,,,
2015-08-05,Melbourne,,,,1.8,4.2,SW,59.0,W,SW,19.0,35.0,,,,,,,,,,,
2015-08-06,Melbourne,,,,1.4,1.0,SW,41.0,WSW,SW,19.0,24.0,,,,,,,,,,,
2015-08-07,Melbourne,,,,1.4,1.5,WSW,30.0,WSW,SSW,11.0,13.0,,,,,,,,,,,
2015-08-08,Melbourne,,,,1.2,0.0,N,26.0,NNW,SE,6.0,15.0,,,,,,,,,,,
2015-08-09,Melbourne,,,,1.4,0.1,NNE,54.0,N,N,26.0,30.0,,,,,,,,,,,
2015-08-10,Melbourne,,,,3.4,7.1,N,78.0,N,NNW,52.0,33.0,,,,,,,,,,,
2015-08-11,Melbourne,,,,2.2,6.4,N,72.0,N,N,28.0,41.0,,,,,,,,,,,
2015-08-12,Melbourne,,,,5.0,2.6,NNE,61.0,,W,0.0,20.0,,,,,,,,,,,
2015-08-13,Melbourne,,,,0.8,1.9,WSW,37.0,W,SW,19.0,22.0,,,,,,,,,,,
2015-08-14,Melbourne,,,,2.2,4.8,W,31.0,NW,W,13.0,20.0,,,,,,,,,,,
2015-08-15,Melbourne,,,,2.4,4.5,S,26.0,,S,0.0,13.0,,,,,,,,,,,
2015-08-16,Melbourne,,,,1.4,6.5,NNW,44.0,N,WNW,15.0,22.0,,,,,,,,,,,
2015-08-17,Melbourne,,,,3.4,4.4,SW,52.0,WSW,SW,20.0,28.0,,,,,,,,,,,
2015-08-18,Melbourne,,,,2.6,1.2,W,26.0,W,ESE,15.0,4.0,,,,,,,,,,,
2015-08-19,Melbourne,,,,1.4,6.5,N,24.0,N,N,9.0,6.0,,,,,,,,,,,
2015-08-20,Melbourne,,,,1.6,8.8,N,70.0,N,N,43.0,46.0,,,,,,,,,,,
2015-08-21,Melbourne,,,,6.4,1.2,N,78.0,N,NNE,43.0,35.0,,,,,,,,,,,
2015-08-22,Melbourne,,,,3.4,7.7,N,43.0,N,SW,20.0,11.0,,,,,,,,,,,
2015-08-23,Melbourne,,,,3.0,7.7,S,31.0,N,S,13.0,17.0,,,,,,,,,,,
2015-08-24,Melbourne,,,,2.0,4.0,SSE,54.0,SSW,S,9.0,30.0,,,,,,,,,,,
2015-08-25,Melbourne,,,,2.4,0.7,SSE,44.0,SSE,SE,28.0,28.0,,,,,,,,,,,
2015-08-26,Melbourne,,,,2.0,0.3,WNW,19.0,WNW,SE,9.0,7.0,,,,,,,,,,,
2015-08-27,Melbourne,,,,1.2,0.0,S,44.0,WSW,SSW,11.0,13.0,,,,,,,,,,,
2015-08-28,Melbourne,,,,0.6,4.1,S,37.0,SW,S,15.0,24.0,,,,,,,,,,,
2015-08-29,Melbourne,,,,2.0,3.5,SW,43.0,WSW,SW,22.0,22.0,,,,,,,,,,,
2015-08-30,Melbourne,,,,0.6,1.9,SSW,37.0,SW,SSW,20.0,22.0,,,,,,,,,,,
2015-08-31,Melbourne,,,,1.8,4.2,SSE,30.0,WSW,S,13.0,20.0,,,,,,,,,,,
2015-09-01,Melbourne,,,,1.6,9.8,N,61.0,N,NNW,9.0,6.0,,,,,,,,,,,
2015-09-02,Melbourne,,,,4.4,0.8,N,56.0,NNE,NE,24.0,11.0,,,,,,,,,,,
2015-09-03,Melbourne,,,,2.4,3.3,S,48.0,SSW,S,22.0,33.0,,,,,,,,,,,
2015-09-04,Melbourne,,,,2.8,4.2,SSW,31.0,S,SSE,9.0,15.0,,,,,,,,,,,
2015-09-05,Melbourne,,,,1.8,3.8,S,24.0,SW,S,11.0,11.0,,,,,,,,,,,
2015-09-06,Melbourne,,,,2.2,1.8,N,69.0,N,NNE,31.0,31.0,,,,,,,,,,,
2015-09-07,Melbourne,,,,2.8,2.3,W,63.0,WNW,W,33.0,30.0,,,,,,,,,,,
2015-09-08,Melbourne,,,,2.6,4.2,SW,43.0,SW,S,24.0,15.0,,,,,,,,,,,
2015-09-09,Melbourne,,,,2.2,4.5,SSW,39.0,SW,SSW,20.0,24.0,,,,,,,,,,,
2015-09-10,Melbourne,,,,2.4,6.3,SSE,26.0,SSW,S,15.0,9.0,,,,,,,,,,,
2015-09-11,Melbourne,,,,2.4,9.8,N,57.0,N,N,28.0,37.0,,,,,,,,,,,
2015-09-12,Melbourne,,,,5.2,4.2,N,63.0,N,N,43.0,33.0,,,,,,,,,,,
2015-09-13,Melbourne,,,,6.6,10.7,N,65.0,N,N,35.0,35.0,,,,,,,,,,,
2015-09-14,Melbourne,,,,9.4,10.5,N,63.0,NNE,N,39.0,43.0,,,,,,,,,,,
2015-09-15,Melbourne,,,,10.0,7.4,WSW,52.0,WSW,WSW,31.0,30.0,,,,,,,,,,,
2015-09-16,Melbourne,,,,2.8,5.1,SSW,37.0,WSW,S,11.0,11.0,,,,,,,,,,,
2015-09-17,Melbourne,,,,3.4,1.9,SW,37.0,WSW,SSE,11.0,22.0,,,,,,,,,,,
2015-09-18,Melbourne,,,,2.0,1.3,SE,28.0,SSW,SSE,11.0,19.0,,,,,,,,,,,
2015-09-19,Melbourne,,,,2.0,6.5,NNE,43.0,NNE,N,7.0,20.0,,,,,,,,,,,
2015-09-20,Melbourne,,,,4.8,10.7,N,50.0,N,N,37.0,22.0,,,,,,,,,,,
2015-09-21,Melbourne,,,,5.6,2.4,N,56.0,N,SW,30.0,28.0,,,,,,,,,,,
2015-09-22,Melbourne,,,,2.2,7.2,SSW,57.0,SSW,S,31.0,35.0,,,,,,,,,,,
2015-09-23,Melbourne,,,,3.6,10.6,S,44.0,S,S,30.0,31.0,,,,,,,,,,,
2015-09-24,Melbourne,,,,4.0,8.5,SE,39.0,SSE,SSE,17.0,24.0,,,,,,,,,,,
2015-09-25,Melbourne,,,,2.6,10.8,S,37.0,SSE,SSE,9.0,22.0,,,,,,,,,,,
2015-09-26,Melbourne,,,,4.8,9.5,SSE,30.0,NNE,S,11.0,19.0,,,,,,,,,,,
2015-09-27,Melbourne,,,,3.2,11.4,S,33.0,SSE,S,2.0,20.0,,,,,,,,,,,
2015-09-28,Melbourne,,,,5.8,5.4,N,50.0,N,SSE,30.0,9.0,,,,,,,,,,,
2015-09-29,Melbourne,,,,3.4,6.5,W,37.0,W,WSW,17.0,26.0,,,,,,,,,,,
2015-09-30,Melbourne,,,,2.8,6.5,SSE,39.0,SSW,S,15.0,22.0,,,,,,,,,,,
2015-10-01,Melbourne,,,,4.0,11.5,SSW,52.0,NNW,W,9.0,17.0,,,,,,,,,,,
2015-10-02,Melbourne,,,,6.6,11.3,N,56.0,N,N,26.0,26.0,,,,,,,,,,,
2015-10-03,Melbourne,,,,11.0,9.8,N,69.0,N,NW,46.0,28.0,,,,,,,,,,,
2015-10-04,Melbourne,,,,13.0,11.5,N,35.0,,S,0.0,19.0,,,,,,,,,,,
2015-10-05,Melbourne,,,,5.6,10.0,N,59.0,N,NNW,28.0,31.0,,,,,,,,,,,
2015-10-06,Melbourne,,,,17.0,9.1,NW,98.0,N,WNW,37.0,46.0,,,,,,,,,,,
2015-10-07,Melbourne,,,,14.4,11.4,SSE,48.0,SSE,S,33.0,33.0,,,,,,,,,,,
2015-10-08,Melbourne,,,,6.6,10.5,SSE,31.0,W,SSE,11.0,20.0,,,,,,,,,,,
2015-10-09,Melbourne,,,,4.4,8.4,N,46.0,N,N,30.0,11.0,,,,,,,,,,,
2015-10-10,Melbourne,,,,8.0,4.1,N,56.0,N,NNE,35.0,19.0,,,,,,,,,,,
2015-10-11,Melbourne,,,,8.4,5.9,N,46.0,S,SSE,11.0,15.0,,,,,,,,,,,
2015-10-12,Melbourne,,,,3.8,0.2,S,39.0,SSW,S,13.0,24.0,,,,,,,,,,,
2015-10-13,Melbourne,,,,7.0,11.8,S,31.0,S,S,7.0,13.0,,,,,,,,,,,
2015-10-14,Melbourne,,,,4.4,11.4,NNE,50.0,N,N,19.0,22.0,,,,,,,,,,,
2015-10-15,Melbourne,,,,8.6,9.2,N,67.0,N,NNW,35.0,39.0,,,,,,,,,,,
2015-10-16,Melbourne,,,,10.8,0.5,SW,39.0,N,SSE,22.0,20.0,,,,,,,,,,,
2015-10-17,Melbourne,,,,4.8,8.0,S,37.0,SW,S,13.0,17.0,,,,,,,,,,,
2015-10-18,Melbourne,,,,5.2,8.2,SSE,35.0,SSE,SE,17.0,15.0,,,,,,,,,,,
2015-10-19,Melbourne,,,,4.4,11.9,SSE,33.0,N,SSE,9.0,19.0,,,,,,,,,,,
2015-10-20,Melbourne,,,,7.0,3.0,NNE,52.0,N,N,28.0,31.0,,,,,,,,,,,
2015-10-21,Melbourne,,,,7.8,0.1,S,48.0,WSW,S,9.0,26.0,,,,,,,,,,,
2015-10-22,Melbourne,,,,3.0,0.0,S,48.0,SW,SW,17.0,31.0,,,,,,,,,,,
2015-10-23,Melbourne,,,,2.0,4.1,SSE,33.0,SSE,SSE,17.0,19.0,,,,,,,,,,,
2015-10-24,Melbourne,,,,4.0,8.9,S,31.0,SSW,S,7.0,20.0,,,,,,,,,,,
2015-10-25,Melbourne,,,,5.0,6.1,N,72.0,N,N,39.0,48.0,,,,,,,,,,,
2015-10-26,Melbourne,,,,12.8,3.6,SSW,56.0,SSW,S,31.0,35.0,,,,,,,,,,,
2015-10-27,Melbourne,,,,3.6,12.7,SSE,37.0,SSE,S,24.0,19.0,,,,,,,,,,,
2015-10-28,Melbourne,,,,8.0,12.0,N,59.0,N,ENE,43.0,13.0,,,,,,,,,,,
2015-10-29,Melbourne,,,,8.0,10.3,SSE,37.0,WNW,SE,9.0,24.0,,,,,,,,,,,
2015-10-30,Melbourne,,,,7.6,12.1,SSE,43.0,ENE,SSE,13.0,31.0,,,,,,,,,,,
2015-10-31,Melbourne,,,,8.8,5.0,N,78.0,SW,N,11.0,43.0,,,,,,,,,,,
2015-11-01,Melbourne,,,,7.0,5.2,N,72.0,N,S,46.0,20.0,,,,,,,,,,,
2015-11-02,Melbourne,,,,4.0,0.1,SSW,37.0,SW,S,13.0,24.0,,,,,,,,,,,
2015-11-03,Melbourne,,,,3.2,7.1,SSE,33.0,SE,SE,22.0,19.0,,,,,,,,,,,
2015-11-04,Melbourne,,,,5.8,6.9,NNE,61.0,SE,SSE,7.0,20.0,,,,,,,,,,,
2015-11-05,Melbourne,,,,5.0,4.6,NW,81.0,NNE,N,4.0,15.0,,,,,,,,,,,
2015-11-06,Melbourne,,,,4.6,0.6,WSW,50.0,SW,WSW,20.0,28.0,,,,,,,,,,,
2015-11-07,Melbourne,,,,4.0,9.8,SW,52.0,SW,S,35.0,26.0,,,,,,,,,,,
2015-11-08,Melbourne,,,,4.2,10.9,SSE,22.0,ENE,SSE,13.0,9.0,,,,,,,,,,,
2015-11-09,Melbourne,,,,8.6,11.7,N,52.0,N,NNW,31.0,26.0,,,,,,,,,,,
2015-11-10,Melbourne,,,,9.8,0.0,SSE,37.0,S,S,22.0,28.0,,,,,,,,,,,
2015-11-11,Melbourne,,,,1.4,2.3,S,28.0,S,WSW,19.0,11.0,,,,,,,,,,,
2015-11-12,Melbourne,,,,2.8,10.6,S,35.0,N,SSE,6.0,19.0,,,,,,,,,,,
2015-11-13,Melbourne,,,,5.4,8.3,S,46.0,SSW,S,19.0,31.0,,,,,,,,,,,
2015-11-14,Melbourne,,,,5.8,8.3,SSE,46.0,SSW,S,19.0,24.0,,,,,,,,,,,
2015-11-15,Melbourne,,,,5.4,10.2,SE,33.0,SSE,SSE,20.0,17.0,,,,,,,,,,,
2015-11-16,Melbourne,,,,6.0,11.6,NW,35.0,WNW,SSE,9.0,28.0,,,,,,,,,,,
2015-11-17,Melbourne,,,,9.8,9.2,N,61.0,N,NW,39.0,39.0,,,,,,,,,,,
2015-11-18,Melbourne,,,,11.4,9.6,N,31.0,SSW,SE,6.0,11.0,,,,,,,,,,,
2015-11-19,Melbourne,,,,7.6,8.4,SW,57.0,NNE,SSE,20.0,28.0,,,,,,,,,,,
2015-11-20,Melbourne,,,,9.0,3.2,N,35.0,SSW,SW,11.0,19.0,,,,,,,,,,,
2015-11-21,Melbourne,,,,2.6,7.7,SSE,48.0,SW,SSE,20.0,28.0,,,,,,,,,,,
2015-11-22,Melbourne,,,,6.2,9.2,SSE,35.0,SW,ESE,15.0,13.0,,,,,,,,,,,
2015-11-23,Melbourne,,,,6.2,7.8,SSE,41.0,SW,SSE,17.0,30.0,,,,,,,,,,,
2015-11-24,Melbourne,,,,5.8,11.0,W,33.0,WNW,WSW,13.0,11.0,,,,,,,,,,,
2015-11-25,Melbourne,,,,7.2,1.3,N,93.0,N,NNW,31.0,48.0,,,,,,,,,,,
2015-11-26,Melbourne,,,,16.2,10.8,WSW,85.0,WSW,WSW,39.0,43.0,,,,,,,,,,,
2015-11-27,Melbourne,,,,8.2,4.7,WNW,46.0,WSW,W,28.0,17.0,,,,,,,,,,,
2015-11-28,Melbourne,,,,5.0,11.8,SSE,35.0,WSW,SSE,13.0,20.0,,,,,,,,,,,
2015-11-29,Melbourne,,,,6.8,4.8,S,35.0,SSW,SSE,13.0,24.0,,,,,,,,,,,
2015-11-30,Melbourne,,,,4.0,11.0,NW,78.0,N,N,35.0,37.0,,,,,,,,,,,
2015-12-01,Melbourne,,,,12.0,9.8,SW,61.0,W,W,19.0,28.0,,,,,,,,,,,
2015-12-02,Melbourne,,,,9.8,13.0,SSE,54.0,SW,SSE,26.0,33.0,,,,,,,,,,,
2015-12-03,Melbourne,,,,6.4,11.4,SSE,39.0,S,S,9.0,19.0,,,,,,,,,,,
2015-12-04,Melbourne,,,,5.4,12.1,ESE,50.0,ENE,SE,7.0,19.0,,,,,,,,,,,
2015-12-05,Melbourne,,,,10.4,8.5,SSW,37.0,SSW,S,9.0,17.0,,,,,,,,,,,
2015-12-06,Melbourne,,,,7.2,3.0,SSW,31.0,S,SE,9.0,17.0,,,,,,,,,,,
2015-12-07,Melbourne,,,,6.6,0.0,ENE,33.0,NE,SSW,6.0,9.0,,,,,,,,,,,
2015-12-08,Melbourne,,,,1.6,8.8,N,69.0,N,NNW,30.0,28.0,,,,,,,,,,,
2015-12-09,Melbourne,,,,10.6,12.9,SE,44.0,WSW,SW,20.0,22.0,,,,,,,,,,,
2015-12-10,Melbourne,,,,8.6,11.4,SE,37.0,S,S,7.0,20.0,,,,,,,,,,,
2015-12-11,Melbourne,,,,8.6,5.7,SW,65.0,WSW,W,30.0,35.0,,,,,,,,,,,
2015-12-12,Melbourne,,,,7.2,12.5,SW,41.0,SW,ESE,24.0,17.0,,,,,,,,,,,
2015-12-13,Melbourne,,,,6.0,12.1,S,39.0,NE,W,9.0,24.0,,,,,,,,,,,
2015-12-14,Melbourne,,,,8.6,11.7,SSE,41.0,SSE,SSE,9.0,26.0,,,,,,,,,,,
2015-12-15,Melbourne,,,,8.0,10.8,SSE,37.0,SSW,S,13.0,20.0,,,,,,,,,,,
2015-12-16,Melbourne,,,,8.6,11.0,S,44.0,S,SSW,9.0,31.0,,,,,,,,,,,
2015-12-17,Melbourne,,,,10.0,13.8,N,65.0,N,NW,44.0,19.0,,,,,,,,,,,
2015-12-18,Melbourne,,,,16.0,12.3,NNW,63.0,N,WNW,35.0,28.0,,,,,,,,,,,
2015-12-19,Melbourne,,,,16.0,8.0,N,76.0,N,NNW,46.0,41.0,,,,,,,,,,,
2015-12-20,Melbourne,,,,19.8,6.2,WSW,74.0,N,WSW,39.0,46.0,,,,,,,,,,,
2015-12-21,Melbourne,,,,9.8,5.5,S,48.0,SSW,S,24.0,30.0,,,,,,,,,,,
2015-12-22,Melbourne,,,,6.8,12.3,SSE,31.0,S,SE,13.0,15.0,,,,,,,,,,,
2015-12-23,Melbourne,,,,6.8,13.3,SSE,39.0,SSW,SSE,7.0,22.0,,,,,,,,,,,
2015-12-24,Melbourne,,,,9.3,13.1,N,50.0,NNE,ENE,33.0,11.0,,,,,,,,,,,
2015-12-25,Melbourne,,,,18.0,13.3,N,74.0,N,N,48.0,43.0,,,,,,,,,,,
2015-12-26,Melbourne,,,,,6.2,WSW,67.0,SW,SSW,24.0,31.0,,,,,,,,,,,
2015-12-27,Melbourne,,,,4.4,8.9,SSE,48.0,SSW,S,13.0,30.0,,,,,,,,,,,
2015-12-28,Melbourne,,,,6.0,13.3,SSE,39.0,S,SSW,20.0,15.0,,,,,,,,,,,
2015-12-29,Melbourne,,,,8.0,13.4,S,35.0,SSE,S,9.0,17.0,,,,,,,,,,,
2015-12-30,Melbourne,,,,7.0,12.4,SSE,44.0,E,S,6.0,19.0,,,,,,,,,,,
2015-12-31,Melbourne,,,,15.2,11.4,NNW,48.0,N,N,31.0,20.0,,,,,,,,,,,
2016-01-01,Melbourne,,,,15.0,2.8,S,35.0,SSW,SSE,19.0,17.0,,,,,,,,,,,
2016-01-02,Melbourne,,,,8.0,9.0,SSE,56.0,SW,S,17.0,35.0,,,,,,,,,,,
2016-01-03,Melbourne,,,,8.2,7.8,SE,41.0,SSE,SSE,11.0,24.0,,,,,,,,,,,
2016-01-04,Melbourne,,,,6.4,1.5,SE,31.0,W,ENE,11.0,15.0,,,,,,,,,,,
2016-01-05,Melbourne,,,,4.2,6.6,NE,37.0,W,E,7.0,9.0,,,,,,,,,,,
2016-01-06,Melbourne,,,,5.4,6.1,S,54.0,S,S,17.0,35.0,,,,,,,,,,,
2016-01-07,Melbourne,,,,6.2,11.0,SSE,46.0,S,S,19.0,30.0,,,,,,,,,,,
2016-01-08,Melbourne,,,,7.4,8.6,SSE,35.0,SSW,S,19.0,17.0,,,,,,,,,,,
2016-01-09,Melbourne,,,,6.8,8.1,ESE,37.0,SSW,SSE,15.0,22.0,,,,,,,,,,,
2016-01-10,Melbourne,,,,6.0,10.7,S,33.0,NNE,SSE,9.0,17.0,,,,,,,,,,,
2016-01-11,Melbourne,,,,11.6,6.7,SSW,76.0,N,NW,13.0,20.0,,,,,,,,,,,
2016-01-12,Melbourne,,,,7.8,12.2,S,35.0,S,SSE,17.0,17.0,,,,,,,,,,,
2016-01-13,Melbourne,,,,7.6,10.3,WSW,87.0,NE,NW,19.0,31.0,,,,,,,,,,,
2016-01-14,Melbourne,,,,17.6,1.1,S,54.0,SSW,SSW,20.0,31.0,,,,,,,,,,,
2016-01-15,Melbourne,,,,4.2,5.6,S,48.0,SSE,S,26.0,30.0,,,,,,,,,,,
2016-01-16,Melbourne,,,,5.4,13.3,SSE,33.0,SSE,SSE,9.0,19.0,,,,,,,,,,,
2016-01-17,Melbourne,,,,8.6,11.5,N,57.0,N,NE,39.0,13.0,,,,,,,,,,,
2016-01-18,Melbourne,,,,13.6,12.7,NNE,59.0,N,NNE,37.0,26.0,,,,,,,,,,,
2016-01-19,Melbourne,,,,13.8,7.6,SSE,31.0,S,S,9.0,13.0,,,,,,,,,,,
2016-01-20,Melbourne,,,,8.6,5.4,S,37.0,NNE,SSE,13.0,26.0,,,,,,,,,,,
2016-01-21,Melbourne,,,,4.6,2.2,SSE,30.0,WSW,SSE,11.0,9.0,,,,,,,,,,,
2016-01-22,Melbourne,,,,2.8,2.0,SW,56.0,SSW,NNE,15.0,17.0,,,,,,,,,,,
2016-01-23,Melbourne,,,,2.2,4.9,SSE,43.0,SSW,S,19.0,24.0,,,,,,,,,,,
2016-01-24,Melbourne,,,,4.6,4.7,S,44.0,SSW,S,19.0,22.0,,,,,,,,,,,
2016-01-25,Melbourne,,,,5.0,8.3,SSE,44.0,S,S,20.0,22.0,,,,,,,,,,,
2016-01-26,Melbourne,,,,6.2,8.8,SSE,33.0,SE,ENE,7.0,6.0,,,,,,,,,,,
2016-01-27,Melbourne,,,,6.6,5.3,NNE,63.0,NNE,N,13.0,43.0,,,,,,,,,,,
2016-01-28,Melbourne,,,,9.6,5.8,N,61.0,N,S,44.0,17.0,,,,,,,,,,,
2016-01-29,Melbourne,,,,7.8,1.0,S,28.0,SSW,SSE,9.0,13.0,,,,,,,,,,,
2016-01-30,Melbourne,,,,2.8,4.5,S,33.0,WSW,S,13.0,20.0,,,,,,,,,,,
2016-01-31,Melbourne,,,,4.8,8.2,NNE,56.0,NNE,N,31.0,33.0,,,,,,,,,,,
2016-02-01,Melbourne,,,,6.0,12.7,S,33.0,WSW,SE,9.0,20.0,,,,,,,,,,,
2016-02-02,Melbourne,,,,5.6,7.8,N,44.0,N,N,13.0,28.0,,,,,,,,,,,
2016-02-03,Melbourne,,,,8.2,2.8,SSE,56.0,SW,S,20.0,28.0,,,,,,,,,,,
2016-02-04,Melbourne,,,,5.0,4.5,S,44.0,S,S,24.0,28.0,,,,,,,,,,,
2016-02-05,Melbourne,,,,3.8,12.6,S,33.0,WSW,SSW,11.0,15.0,,,,,,,,,,,
2016-02-06,Melbourne,,,,8.0,13.0,N,44.0,N,E,28.0,9.0,,,,,,,,,,,
2016-02-07,Melbourne,,,,11.0,12.7,N,41.0,N,SSE,28.0,26.0,,,,,,,,,,,
2016-02-08,Melbourne,,,,8.4,8.2,S,41.0,SSW,S,13.0,22.0,,,,,,,,,,,
2016-02-09,Melbourne,,,,6.6,11.9,SSE,31.0,SSE,SE,15.0,9.0,,,,,,,,,,,
2016-02-10,Melbourne,,,,8.0,9.3,SSE,31.0,SSW,S,11.0,20.0,,,,,,,,,,,
2016-02-11,Melbourne,,,,7.0,10.7,S,39.0,SE,S,17.0,22.0,,,,,,,,,,,
2016-02-12,Melbourne,,,,8.0,9.6,SSE,31.0,E,S,13.0,13.0,,,,,,,,,,,
2016-02-13,Melbourne,,,,8.0,11.0,WNW,50.0,N,SE,20.0,17.0,,,,,,,,,,,
2016-02-14,Melbourne,,,,8.4,11.4,WSW,50.0,WSW,SW,19.0,30.0,,,,,,,,,,,
2016-02-15,Melbourne,,,,8.2,12.7,SW,57.0,WSW,W,15.0,24.0,,,,,,,,,,,
2016-02-16,Melbourne,,,,9.0,4.5,S,52.0,SW,S,28.0,31.0,,,,,,,,,,,
2016-02-17,Melbourne,,,,6.8,6.2,S,50.0,WSW,S,26.0,35.0,,,,,,,,,,,
2016-02-18,Melbourne,,,,5.0,3.7,SW,37.0,SW,S,19.0,15.0,,,,,,,,,,,
2016-02-19,Melbourne,,,,4.0,1.7,S,41.0,WSW,S,13.0,30.0,,,,,,,,,,,
2016-02-20,Melbourne,,,,4.0,9.5,SSE,44.0,SSW,SSE,11.0,28.0,,,,,,,,,,,
2016-02-21,Melbourne,,,,6.8,11.7,S,33.0,SSW,SSE,9.0,24.0,,,,,,,,,,,
2016-02-22,Melbourne,,,,6.4,0.2,N,30.0,N,S,24.0,20.0,,,,,,,,,,,
2016-02-23,Melbourne,,,,6.8,9.4,N,74.0,N,N,50.0,39.0,,,,,,,,,,,
2016-02-24,Melbourne,,,,15.0,6.7,SW,41.0,SW,S,24.0,24.0,,,,,,,,,,,
2016-02-25,Melbourne,,,,6.4,9.3,WSW,50.0,S,SSE,11.0,17.0,,,,,,,,,,,
2016-02-26,Melbourne,,,,6.2,8.8,SSW,41.0,SW,SW,19.0,24.0,,,,,,,,,,,
2016-02-27,Melbourne,,,,6.2,6.3,SSE,33.0,SSW,SSE,19.0,17.0,,,,,,,,,,,
2016-02-28,Melbourne,,,,5.6,9.1,SSE,41.0,SW,SSE,20.0,24.0,,,,,,,,,,,
2016-02-29,Melbourne,,,,6.8,7.7,SE,35.0,SSE,S,19.0,20.0,,,,,,,,,,,
2016-03-01,Melbourne,,,,5.2,10.7,NNW,52.0,NNE,NNW,7.0,22.0,,,,,,,,,,,
2016-03-02,Melbourne,,,,10.4,11.4,S,46.0,W,SE,11.0,15.0,,,,,,,,,,,
2016-03-03,Melbourne,,,,8.8,10.5,SSE,31.0,SE,SE,13.0,15.0,,,,,,,,,,,
2016-03-04,Melbourne,,,,5.6,10.6,N,70.0,SSW,N,7.0,33.0,,,,,,,,,,,
2016-03-05,Melbourne,,,,9.2,2.3,S,31.0,SW,S,13.0,24.0,,,,,,,,,,,
2016-03-06,Melbourne,,,,4.0,8.8,S,33.0,NE,S,7.0,22.0,,,,,,,,,,,
2016-03-07,Melbourne,,,,6.0,1.2,WSW,33.0,,S,0.0,20.0,,,,,,,,,,,
2016-03-08,Melbourne,,,,2.4,10.1,NNW,59.0,NE,N,6.0,24.0,,,,,,,,,,,
2016-03-09,Melbourne,,,,,0.3,N,56.0,W,S,33.0,22.0,,,,,,,,,,,
2016-03-10,Melbourne,,,,3.8,0.0,SSW,26.0,S,SW,15.0,11.0,,,,,,,,,,,
2016-03-11,Melbourne,,,,2.0,9.7,S,28.0,WSW,S,4.0,17.0,,,,,,,,,,,
2016-03-12,Melbourne,,,,4.2,0.0,SSE,28.0,SW,S,4.0,17.0,,,,,,,,,,,
2016-03-13,Melbourne,,,,0.8,4.4,S,28.0,SSE,W,11.0,13.0,,,,,,,,,,,
2016-03-14,Melbourne,,,,3.8,0.0,S,39.0,SSE,S,20.0,30.0,,,,,,,,,,,
2016-03-15,Melbourne,,,,3.0,9.9,SSE,44.0,WSW,SSE,11.0,26.0,,,,,,,,,,,
2016-03-16,Melbourne,,,,5.4,9.9,N,35.0,N,NNE,4.0,19.0,,,,,,,,,,,
2016-03-17,Melbourne,,,,9.0,10.2,N,69.0,N,N,46.0,28.0,,,,,,,,,,,
2016-03-18,Melbourne,,,,12.0,5.5,WSW,78.0,NNW,SW,11.0,46.0,,,,,,,,,,,
2016-03-19,Melbourne,,,,6.2,1.8,SSW,41.0,WSW,SSW,22.0,28.0,,,,,,,,,,,
2016-03-20,Melbourne,,,,3.2,10.9,S,39.0,SE,SE,13.0,6.0,,,,,,,,,,,
2016-03-21,Melbourne,,,,4.8,11.4,S,43.0,W,S,7.0,28.0,,,,,,,,,,,
2016-03-22,Melbourne,,,,5.2,11.2,S,30.0,NNW,S,7.0,13.0,,,,,,,,,,,
2016-03-23,Melbourne,,,,5.8,3.1,WNW,48.0,N,WSW,24.0,26.0,,,,,,,,,,,
2016-03-24,Melbourne,,,,5.2,0.3,SSW,30.0,SW,S,9.0,11.0,,,,,,,,,,,
2016-03-25,Melbourne,,,,3.2,7.8,SSE,37.0,SW,SE,15.0,26.0,,,,,,,,,,,
2016-03-26,Melbourne,,,,4.0,0.6,S,33.0,W,SSW,13.0,13.0,,,,,,,,,,,
2016-03-27,Melbourne,,,,2.2,3.7,SSE,41.0,SSW,SSE,13.0,24.0,,,,,,,,,,,
2016-03-28,Melbourne,,,,4.0,3.9,S,46.0,S,S,9.0,28.0,,,,,,,,,,,
2016-03-29,Melbourne,,,,4.6,0.0,SSE,39.0,SSE,S,22.0,28.0,,,,,,,,,,,
2016-03-30,Melbourne,,,,4.0,2.3,SSE,39.0,SW,S,13.0,24.0,,,,,,,,,,,
2016-03-31,Melbourne,,,,3.2,8.4,S,33.0,NNE,S,9.0,17.0,,,,,,,,,,,
2016-04-01,Melbourne,,,,4.6,6.5,N,57.0,N,NNW,24.0,35.0,,,,,,,,,,,
2016-04-02,Melbourne,,,,10.0,5.2,SW,43.0,W,SSE,9.0,30.0,,,,,,,,,,,
2016-04-03,Melbourne,,,,4.0,9.8,S,41.0,SSW,S,15.0,22.0,,,,,,,,,,,
2016-04-04,Melbourne,,,,4.0,10.5,SE,26.0,SSE,SE,9.0,9.0,,,,,,,,,,,
2016-04-05,Melbourne,,,,6.6,7.3,N,61.0,NNE,NNW,26.0,24.0,,,,,,,,,,,
2016-04-06,Melbourne,,,,7.6,0.1,W,41.0,SW,WSW,17.0,26.0,,,,,,,,,,,
2016-04-07,Melbourne,,,,2.0,6.2,S,33.0,WSW,S,9.0,19.0,,,,,,,,,,,
2016-04-08,Melbourne,,,,0.8,5.0,W,30.0,N,SW,7.0,20.0,,,,,,,,,,,
2016-04-09,Melbourne,,,,2.8,4.8,WSW,35.0,N,WSW,19.0,22.0,,,,,,,,,,,
2016-04-10,Melbourne,,,,4.0,8.8,W,41.0,W,WSW,26.0,30.0,,,,,,,,,,,
2016-04-11,Melbourne,,,,5.0,4.7,SW,39.0,SW,SSE,28.0,20.0,,,,,,,,,,,
2016-04-12,Melbourne,,,,4.0,5.7,SSW,35.0,SSW,SSE,22.0,19.0,,,,,,,,,,,
2016-04-13,Melbourne,,,,3.2,7.5,S,31.0,SSE,SSE,13.0,15.0,,,,,,,,,,,
2016-04-14,Melbourne,,,,2.4,6.3,N,46.0,N,NNW,9.0,30.0,,,,,,,,,,,
2016-04-15,Melbourne,,,,5.6,8.4,WNW,46.0,N,W,20.0,22.0,,,,,,,,,,,
2016-04-16,Melbourne,,,,5.6,3.3,SSW,39.0,WSW,S,9.0,28.0,,,,,,,,,,,
2016-04-17,Melbourne,,,,2.4,9.2,SSE,37.0,SSE,S,22.0,20.0,,,,,,,,,,,
2016-04-18,Melbourne,,,,4.0,8.2,N,54.0,NNE,NNE,15.0,26.0,,,,,,,,,,,
2016-04-19,Melbourne,,,,5.8,9.7,N,54.0,N,N,35.0,28.0,,,,,,,,,,,
2016-04-20,Melbourne,,,,8.0,7.7,N,52.0,N,N,30.0,31.0,,,,,,,,,,,
2016-04-21,Melbourne,,,,10.2,0.1,N,54.0,N,SSW,24.0,19.0,,,,,,,,,,,
2016-04-22,Melbourne,,,,5.6,6.5,S,39.0,S,S,26.0,24.0,,,,,,,,,,,
2016-04-23,Melbourne,,,,2.2,5.1,S,33.0,WSW,S,7.0,20.0,,,,,,,,,,,
2016-04-24,Melbourne,,,,1.2,10.2,S,20.0,N,SE,6.0,9.0,,,,,,,,,,,
2016-04-25,Melbourne,,,,3.2,10.4,N,50.0,N,NNE,30.0,30.0,,,,,,,,,,,
2016-04-26,Melbourne,,,,5.2,10.3,NNE,50.0,N,N,20.0,26.0,,,,,,,,,,,
2016-04-27,Melbourne,,,,8.4,4.9,N,63.0,N,NNE,41.0,30.0,,,,,,,,,,,
2016-04-28,Melbourne,,,,8.8,0.0,N,52.0,N,,33.0,0.0,,,,,,,,,,,
2016-04-29,Melbourne,,,,2.4,0.4,N,52.0,N,NNE,22.0,15.0,,,,,,,,,,,
